date,open,high,low,close,volume
2019-01-01,99.90667213174669,100.77893120098993,99.19946371287232,99.90667213174669,1099408
2019-01-02,99.76497399322733,100.58083287099973,98.82070388529996,99.76497399322733,3003748
2019-01-03,100.4541223403038,100.70259845516662,100.1083867237579,100.4541223403038,2147895
2019-01-04,99.89826184121875,100.73868791319575,99.67835428458045,99.89826184121875,8031058
2019-01-07,99.06598689952818,99.64497530337033,98.41132817614604,99.06598689952818,7606001
2019-01-08,99.44045693137892,99.79876208275904,99.30324302893032,99.44045693137892,1952462
2019-01-09,100.36190651647176,100.40177282534432,99.96146234647931,100.36190651647176,2845215
2019-01-10,100.14768433276198,100.9966150737399,99.76658225925847,100.14768433276198,1562827
2019-01-11,102.55727978475252,103.04636450510286,102.38257843547832,102.55727978475252,9750686
2019-01-14,101.28951161142436,101.7053577896732,100.33982174345302,101.28951161142436,3645459
2019-01-15,100.56389128596584,100.85860558215595,99.56693507660944,100.56389128596584,2443348
2019-01-16,99.964653515931,100.75108727975774,99.70941458445117,99.964653515931,2234392
2019-01-17,100.29498844198798,101.14754590176081,99.94294371344293,100.29498844198798,5968780
2019-01-18,101.05503886237443,101.92561463898747,100.37138360420637,101.05503886237443,8441788
2019-01-21,100.43862162035624,100.7294083347855,100.20931968086009,100.43862162035624,2712914
2019-01-22,100.398577844106,100.6498262728254,100.04597383570216,100.398577844106,7683877
2019-01-23,100.87487020909587,100.9416602103266,100.45523739980699,100.87487020909587,1964368
2019-01-24,101.74300488027768,102.31857860607435,101.1111112186882,101.74300488027768,8793844
2019-01-25,100.968867237029,101.13951646853553,100.22833650954591,100.968867237029,5583536
2019-01-28,100.55744935815942,101.23581795746198,100.35788758870773,100.55744935815942,4512924
2019-01-29,100.56322220114228,101.06923997059884,100.53311392702354,100.56322220114228,1441112
2019-01-30,100.58490932500968,100.60073604677004,100.02580219630755,100.58490932500968,2393014
2019-01-31,99.03906871557349,99.8510472182608,98.99196890563238,99.03906871557349,3408364
2019-02-01,99.2725073421045,99.82665381511762,99.07203242557148,99.2725073421045,6773332
2019-02-04,99.3592375739908,100.22659294600814,99.03819774375012,99.3592375739908,9369954
2019-02-05,100.02254944152402,100.14332557535205,99.43822736173513,100.02254944152402,7168183
2019-02-06,100.16761078447614,100.42670869970084,99.2255082566007,100.16761078447614,2178052
2019-02-07,100.09273064620992,100.54376215209939,99.77694789038084,100.09273064620992,3841131
2019-02-08,100.06137952263184,100.84039929418864,100.01473966105203,100.06137952263184,4258812
2019-02-11,100.0865803861513,101.05995058705689,99.89914363589232,100.0865803861513,8143410
2019-02-12,102.33312978234946,102.66894332003744,101.37372158805938,102.33312978234946,8441462
2019-02-13,102.37302260518584,103.17406777013946,101.53216372868633,102.37302260518584,6184923
2019-02-14,101.19463507459258,101.623634148609,100.83369934092258,101.19463507459258,9604890
2019-02-15,100.64370299335236,101.00383811412598,100.27555565692943,100.64370299335236,5369628
2019-02-18,100.9524600699623,101.91721102242495,100.67521665857,100.9524600699623,1256485
2019-02-19,101.07395764719003,101.2917687123424,101.05707652580311,101.07395764719003,7602336
2019-02-20,101.21759012849365,101.92172736853453,100.5790568299679,101.21759012849365,8422236
2019-02-21,101.80828941015882,102.64634734751647,101.56083270888865,101.80828941015882,4681241
2019-02-22,101.57978361168296,101.68447868751377,101.0794466142447,101.57978361168296,1566242
2019-02-25,101.60158766193643,102.41924720885105,101.50163279364513,101.60158766193643,8105375
2019-02-26,102.12517115595526,102.65093188272354,101.12430575738671,102.12517115595526,4391152
2019-02-27,103.21676302928834,104.0476988215607,102.29887457982703,103.21676302928834,6860519
2019-02-28,102.83710984459246,103.851346433445,102.35808065517863,102.83710984459246,4161148
2019-03-01,101.91836824952603,102.77986822226676,101.74650059788027,101.91836824952603,6701766
2019-03-04,102.26792734613066,102.64658826354608,101.5891732166957,102.26792734613066,9745923
2019-03-05,102.01424358544784,102.88388530264456,101.9012374179442,102.01424358544784,3249989
2019-03-06,102.44235281392487,102.72963562450062,101.78752047140486,102.44235281392487,3736393
2019-03-07,101.6905991363146,102.34789313524887,101.1959715104698,101.6905991363146,7219037
2019-03-08,101.9562043161492,102.07118889244828,101.80505208004332,101.9562043161492,4913646
2019-03-11,103.0852574563681,103.7700910544929,102.42161167127045,103.0852574563681,1953071
2019-03-12,104.60186331717777,104.80593920471999,104.4625580702773,104.60186331717777,7111727
2019-03-13,103.73260997912479,104.00699785290205,103.33871340950147,103.73260997912479,2748425
2019-03-14,103.48571063491094,103.78593383559485,103.3337293228195,103.48571063491094,3217994
2019-03-15,103.40560986169329,103.46055162222487,102.96595136534036,103.40560986169329,1477133
2019-03-18,104.43856922456342,104.7478061993032,103.73887668189063,104.43856922456342,7658349
2019-03-19,104.37648756671472,104.90419734732939,103.37012131504447,104.37648756671472,3156101
2019-03-20,103.41895154578818,103.47679890645949,103.05201055583514,103.41895154578818,5182683
2019-03-21,102.29896922095764,102.52371218697036,101.97348678213262,102.29896922095764,1886002
2019-03-22,103.01912491644909,103.42726473641467,102.0764458311479,103.01912491644909,7206592
2019-03-25,102.27170448471922,103.08287693134476,101.50067992427091,102.27170448471922,7014176
2019-03-26,102.22917060053199,102.773953233053,101.36483034199966,102.22917060053199,7816352
2019-03-27,102.5001183769388,102.91529064769408,102.20203142955121,102.5001183769388,4562960
2019-03-28,100.973686635691,101.52490847431561,100.76231256834153,100.973686635691,5422441
2019-03-29,101.79676855224686,102.0856754311439,100.90881045980811,101.79676855224686,7287783
2019-04-01,101.9709321750123,102.6960159623081,101.79420123046935,101.9709321750123,7574150
2019-04-02,101.9275226048889,102.7379418500988,101.401085028686,101.9275226048889,5040264
2019-04-03,102.69169786148022,102.8458129182275,101.92841345375075,102.69169786148022,9257976
2019-04-04,104.15530344128908,104.66402125289581,104.10470744949485,104.15530344128908,3450073
2019-04-05,103.11828255292639,103.25143788114651,102.31423926272547,103.11828255292639,3072817
2019-04-08,101.14629692076637,101.94438690143338,100.16671923731823,101.14629692076637,2821194
2019-04-09,101.2202336942422,102.14945160695845,100.29368932125185,101.2202336942422,5965032
2019-04-10,101.02536044870558,101.35438311333107,100.24026648584936,101.02536044870558,1997441
2019-04-11,101.61900183979382,101.80848589700629,101.60816168284464,101.61900183979382,8974808
2019-04-12,101.47180291600735,102.18634692674728,101.23581744501774,101.47180291600735,5279994
2019-04-15,102.90559412620892,103.20714230255409,102.88665550154228,102.90559412620892,7644408
2019-04-16,101.88853993288873,102.56213294439166,101.2045221399942,101.88853993288873,5159798
2019-04-17,100.97691293217935,101.2059620502536,100.10152582416312,100.97691293217935,7437927
2019-04-18,101.4277880826756,102.06391390133365,100.73962984768168,101.4277880826756,8123519
2019-04-19,102.6925137649731,103.62765373268556,101.81643204488995,102.6925137649731,4812742
2019-04-22,103.56859011386639,103.90140527017891,102.5882416649984,103.56859011386639,5708902
2019-04-23,104.56093693396127,105.54537127935635,103.83650392990023,104.56093693396127,1225845
2019-04-24,105.94296764844819,106.61775004148983,105.67291121830208,105.94296764844819,1656458
2019-04-25,105.25489146183082,105.95598340850228,104.84412222048174,105.25489146183082,1008733
2019-04-26,104.03875717831525,104.29221356278497,103.87181459111135,104.03875717831525,6123965
2019-04-29,104.95854224057544,105.73353299559707,104.95502425211882,104.95854224057544,7296482
2019-04-30,105.54606784477775,105.8488519799993,104.99798195659137,105.54606784477775,1091604
2019-05-01,106.45826956070634,106.46152784191504,106.25371416478045,106.45826956070634,8666297
2019-05-02,106.37800711131686,107.40155855524483,106.00291464990222,106.37800711131686,2218819
2019-05-03,105.46437330966106,106.38740427222682,104.91910756941746,105.46437330966106,1180786
2019-05-06,105.12458522571634,106.09718718553576,104.49210953749954,105.12458522571634,5441310
2019-05-07,103.81434440174134,103.93657812133478,103.06756864504398,103.81434440174134,8267564
2019-05-08,102.78107214462833,103.65997747002098,102.50483078958257,102.78107214462833,1752805
2019-05-09,103.26188064395332,103.36856280765396,102.71905838023848,103.26188064395332,1140587
2019-05-10,104.33075241483361,105.03173314424791,103.99939364622898,104.33075241483361,3301382
2019-05-13,105.793335691782,106.6989854326657,105.07507894028025,105.793335691782,2781561
2019-05-14,105.93988055712337,105.99308524533446,105.0544491438273,105.93988055712337,1150517
2019-05-15,106.8856296035778,107.59803093749532,106.82480612160846,106.8856296035778,2063358
2019-05-16,107.14521744962788,107.9982770157892,106.60530055676746,107.14521744962788,9594251
2019-05-17,106.52650841293945,106.64828823384276,105.81491336059058,106.52650841293945,8295437
2019-05-20,106.26123234623519,107.16279151165888,105.64602751286523,106.26123234623519,7816975
2019-05-21,105.7048423093286,106.34410006065488,104.78455121866857,105.7048423093286,1470313
2019-05-22,106.97802455063763,107.90959029466266,106.04989791421507,106.97802455063763,8197719
2019-05-23,106.87779984631098,107.65575674435439,106.46754153522866,106.87779984631098,9197771
2019-05-24,106.94723596765907,107.49372033056663,105.90843922446534,106.94723596765907,7510605
2019-05-27,106.0723575472102,106.7892217650996,105.94404146530783,106.0723575472102,7639757
2019-05-28,105.36407645673096,106.3744705802787,105.02507185463274,105.36407645673096,7070436
2019-05-29,105.22121942915975,105.77619071498896,104.34010671854132,105.22121942915975,3131316
2019-05-30,107.17047267991519,107.79285430591706,106.50958960979088,107.17047267991519,5507804
2019-05-31,106.18323482468834,106.35608243138842,105.57331095154359,106.18323482468834,5394855
2019-06-03,105.57820887250897,105.928537283499,105.08119964975846,105.57820887250897,8989785
2019-06-04,106.14881304764052,107.14638129076916,105.86750503207233,106.14881304764052,9097063
2019-06-05,106.7869568358921,107.83986376612289,106.11340301930329,106.7869568358921,1820408
2019-06-06,106.31377966482802,106.8939005028682,106.25220021118731,106.31377966482802,6299890
2019-06-07,106.6765098384978,107.02326579645336,105.71663317376482,106.6765098384978,7619799
2019-06-10,106.99383336565138,107.71752077429295,106.87953868292281,106.99383336565138,5444480
2019-06-11,106.46835436975238,106.48910407879072,105.47817692704297,106.46835436975238,2568222
2019-06-12,106.66278957585482,107.32762363547903,106.09578285536608,106.66278957585482,7082405
2019-06-13,105.91936895597773,106.7738246632128,105.77248925271404,105.91936895597773,7596258
2019-06-14,107.33740560163561,107.9985355743352,106.46665409471368,107.33740560163561,6504665
2019-06-17,108.37831395968671,109.0395667515327,108.05851309865244,108.37831395968671,4133576
2019-06-18,108.13177969777892,108.48740150655142,107.1970974966475,108.13177969777892,8425154
2019-06-19,106.92820137582748,107.37354559023451,106.89624175941331,106.92820137582748,1060199
2019-06-20,107.75389327232958,108.1411923331053,106.77510931106534,107.75389327232958,4503766
2019-06-21,108.71235641484907,109.12867916091358,108.34877106099387,108.71235641484907,8442444
2019-06-24,109.3980650116946,109.81056582428639,108.69968708724521,109.3980650116946,8893109
2019-06-25,109.99395989015896,110.88957742695938,109.78407607135607,109.99395989015896,3113000
2019-06-26,109.20154109452709,109.99644898789163,108.5844181727216,109.20154109452709,5805978
2019-06-27,110.14078704616541,110.90642276404857,109.17564031436912,110.14078704616541,1020155
2019-06-28,110.93557449730164,111.6286327150166,110.37585188288227,110.93557449730164,4066379
2019-07-01,112.890137469671,113.70286688359289,112.7335673165773,112.890137469671,9897940
2019-07-02,112.93159937936932,113.83893706552787,111.81783525957657,112.93159937936932,4050546
2019-07-03,113.98209610251253,114.18384650656851,113.95536130020277,113.98209610251253,7190168
2019-07-04,114.96724623384374,115.39705447620513,114.90530117240154,114.96724623384374,9565590
2019-07-05,115.07057854431386,115.55050503564365,115.0146922248579,115.07057854431386,5178021
2019-07-08,114.24844870065431,114.75524972857195,113.27294831440237,114.24844870065431,5814016
2019-07-09,114.4177060547242,114.84495790956727,114.39929024455338,114.4177060547242,6383634
2019-07-10,114.38996407893742,115.0231768033608,114.24538940110281,114.38996407893742,6341988
2019-07-11,113.97828509650599,114.60035326332309,112.85978691962617,113.97828509650599,5185790
2019-07-12,114.34373546283729,114.34962399727767,113.40420755816783,114.34373546283729,6811194
2019-07-15,114.02986251063187,114.50429871525102,113.0259426454753,114.02986251063187,4803626
2019-07-16,111.99316021224254,112.20220594450302,111.94939906618711,111.99316021224254,8408639
2019-07-17,112.03862294569929,112.6668896207508,111.5175569817757,112.03862294569929,9557789
2019-07-18,112.17187920814982,112.66505353930044,111.46625643722949,112.17187920814982,6804472
2019-07-19,113.08379901178043,113.82495530913066,112.39275116855856,113.08379901178043,6231766
2019-07-22,113.37707664927355,113.95166155222589,112.35078199213775,113.37707664927355,7698530
2019-07-23,113.24822368423666,114.00499612116158,112.24208029259717,113.24822368423666,3914837
2019-07-24,114.70810573543493,115.68730637190481,114.10601247940365,114.70810573543493,5315235
2019-07-25,114.25929963321128,115.0319192065193,114.1218384115308,114.25929963321128,4797992
2019-07-26,114.32595855141778,114.82003071295476,113.49997783217292,114.32595855141778,6843347
2019-07-29,115.73662130035831,115.87000658639096,115.06292922551673,115.73662130035831,2180264
2019-07-30,116.43246202228192,117.07496132838206,115.92036803914023,116.43246202228192,3488189
2019-07-31,116.52698302590967,117.03344807385285,115.43611799242024,116.52698302590967,5493805
2019-08-01,115.882785364296,116.74207241659435,114.92702413158086,115.882785364296,9799310
2019-08-02,115.91317077562809,116.06123999775161,114.93897609448781,115.91317077562809,2367286
2019-08-05,116.27329933771395,116.95875704121455,115.30760026719817,116.27329933771395,8126693
2019-08-06,116.88819397900147,117.92311729780278,116.61455309096684,116.88819397900147,7406236
2019-08-07,115.99313364357447,116.94934776256504,115.97426378858773,115.99313364357447,3443868
2019-08-08,115.81272654397527,116.07601056251825,114.87634445835658,115.81272654397527,9316037
2019-08-09,114.28580396216901,115.28132057244973,113.7533592399288,114.28580396216901,9303577
2019-08-12,113.14962010180265,113.7431747087513,112.37904695169192,113.14962010180265,1001298
2019-08-13,112.98811215248361,113.2301817392453,111.92483813711799,112.98811215248361,9181716
2019-08-14,113.95484715402145,114.15444836014211,113.2116291227924,113.95484715402145,6303672
2019-08-15,112.67141964037903,113.0268912105845,111.79802192989517,112.67141964037903,5057182
2019-08-16,111.24609746407867,112.02187297156398,110.60373312421522,111.24609746407867,9363805
2019-08-19,111.39771741909344,112.066933028791,111.10654194579371,111.39771741909344,4634667
2019-08-20,111.58536121269873,112.3578261610857,110.69780198122653,111.58536121269873,7391705
2019-08-21,113.16084198048186,113.72275318843738,112.40815164511086,113.16084198048186,5652860
2019-08-22,114.26090635009511,114.88405548191206,114.21280192794772,114.26090635009511,5949961
2019-08-23,114.91144195857083,115.54261771639398,114.12035273553515,114.91144195857083,1303953
2019-08-26,114.56363109207557,115.00639932731785,114.2646904903065,114.56363109207557,1879230
2019-08-27,114.50475749646323,114.92693930803607,113.5192978885608,114.50475749646323,1698362
2019-08-28,113.63542300883162,114.07533067801194,112.82636168844397,113.63542300883162,5822498
2019-08-29,113.89599829291326,114.3802289951394,113.84790353953485,113.89599829291326,4326120
2019-08-30,113.88161658715778,114.69848448259317,112.76099600476792,113.88161658715778,8703087
2019-09-02,113.41899500501637,113.43965518918645,113.09174731017785,113.41899500501637,5410170
2019-09-03,115.3869945192846,115.7970045837746,114.92031118557344,115.3869945192846,7468067
2019-09-04,114.29557586110404,115.15615067569604,113.67192530355229,114.29557586110404,8823377
2019-09-05,114.86971629462239,115.88532207220226,114.32591120713718,114.86971629462239,1143569
2019-09-06,114.09636725740089,114.32756173027369,113.12825062714079,114.09636725740089,7963128
2019-09-09,115.25410552739834,115.49163334681823,114.7410678975963,115.25410552739834,2764337
2019-09-10,113.94413893238524,114.88316610954224,113.9221016490074,113.94413893238524,9775170
2019-09-11,114.60524799386963,115.57895374879955,114.27581031356178,114.60524799386963,8980161
2019-09-12,114.14868655315513,115.13036954439968,113.83616223237875,114.14868655315513,7355670
2019-09-13,116.14891556666403,116.26798061240613,115.52097555833386,116.14891556666403,6826018
2019-09-16,115.52488663360847,115.75462831323806,114.88685577485846,115.52488663360847,2985985
2019-09-17,117.01329938680595,118.12938786517955,116.83546063406463,117.01329938680595,8204676
2019-09-18,117.54839037879046,118.57127433133553,116.45364720021477,117.54839037879046,9735648
2019-09-19,117.97715337358238,118.94727693730972,117.59505643213063,117.97715337358238,7101767
2019-09-20,118.21817434855488,118.79409071262704,118.1391946276864,118.21817434855488,9671756
2019-09-23,118.30338046893316,118.68974942133426,118.05826028195034,118.30338046893316,2296867
2019-09-24,117.12274453576043,117.28749697859321,116.02792451158979,117.12274453576043,3388208
2019-09-25,116.62999698438614,117.31696810215264,115.79394853384981,116.62999698438614,2810875
2019-09-26,116.9515760166985,117.74845027385048,116.66959300514007,116.9515760166985,2659562
2019-09-27,116.5995675050777,117.27333610161986,116.29035596033313,116.5995675050777,3228484
2019-09-30,116.98424307214812,117.04332099742105,116.38574983714211,116.98424307214812,4110070
2019-10-01,116.95345542442142,117.68587471988506,116.93515861807089,116.95345542442142,9548344
2019-10-02,116.38864555244517,116.76652847709894,115.65474590581036,116.38864555244517,5094121
2019-10-03,116.8764729425774,117.16586111898162,115.91627398414906,116.8764729425774,7249051
2019-10-04,118.50795711307099,119.04416555843402,117.8361945660418,118.50795711307099,8965764
2019-10-07,116.76003985619421,117.8745397651659,115.83482609319043,116.76003985619421,1215914
2019-10-08,115.67902267880265,116.6752710207187,115.41314056898175,115.67902267880265,4286663
2019-10-09,115.83553359674099,115.85868163068672,115.16680973577536,115.83553359674099,3505279
2019-10-10,116.31983411307473,116.46409822782132,115.97330032966131,116.31983411307473,4750184
2019-10-11,116.21323321106765,116.6942731264468,116.20882813542042,116.21323321106765,9665152
2019-10-14,116.60297804615827,117.2492091638408,116.45255764833462,116.60297804615827,1241492
2019-10-15,115.28392179604086,115.46358746277848,115.25722873655975,115.28392179604086,9117750
2019-10-16,116.07413759519065,117.2060179775044,115.80439708596764,116.07413759519065,7208458
2019-10-17,116.04925661742487,116.98467201023453,115.83583206782134,116.04925661742487,5139089
2019-10-18,113.86532269716379,114.37355458695966,113.12668261328481,113.86532269716379,8968873
2019-10-21,113.01846767995411,113.08584059287406,112.66791936719149,113.01846767995411,8279265
2019-10-22,112.97141036804123,113.4007784115598,112.21716757689352,112.97141036804123,1660541
2019-10-23,113.98212435344202,114.28569214197493,112.95795274117965,113.98212435344202,4671287
2019-10-24,113.13498054455513,113.92682323225904,112.50000183282856,113.13498054455513,8152088
2019-10-25,112.34424959613507,112.67049854608635,112.07703959428791,112.34424959613507,3560275
2019-10-28,111.3684486927524,111.99877477037448,111.35342297333887,111.3684486927524,2329750
2019-10-29,109.81006786561917,110.81651743868267,109.76539038912345,109.81006786561917,6805907
2019-10-30,111.07069303959607,111.17351005463883,110.60635111749892,111.07069303959607,9637117
2019-10-31,110.46660820856194,111.40213918178226,109.89707283531003,110.46660820856194,3473093
2019-11-01,110.37783484693573,110.61305101507345,110.25132978185995,110.37783484693573,7607778
2019-11-04,111.65245135630053,111.89088659695298,111.48820357452364,111.65245135630053,7788883
2019-11-05,109.89052543757137,110.76743271136228,108.99646889299818,109.89052543757137,1480550
2019-11-06,108.80975291171356,109.18002820651274,108.39289306284519,108.80975291171356,1565229
2019-11-07,110.77898684026117,111.2164225247681,109.86587392600227,110.77898684026117,4111931
2019-11-08,110.89109716335493,111.96957928621408,110.36556293820561,110.89109716335493,7846446
2019-11-11,112.07031984396012,112.66615461041344,111.83036884818868,112.07031984396012,8918868
2019-11-12,112.32396638690976,112.76209352964375,112.29337144998068,112.32396638690976,6174105
2019-11-13,114.0850616212283,114.12787898924286,112.96858971891784,114.0850616212283,4177480
2019-11-14,116.29633472861518,117.25679034109436,115.56532501954344,116.29633472861518,3198278
2019-11-15,116.06250383002464,116.91863518228354,115.1994598861544,116.06250383002464,1381957
2019-11-18,116.46883572543425,116.67419289659594,116.33000778904734,116.46883572543425,3545487
2019-11-19,116.73084682321348,117.62993146711251,115.56780505080863,116.73084682321348,3193070
2019-11-20,117.04682252032015,118.20683084081428,116.03624642946163,117.04682252032015,9960919
2019-11-21,117.6076032462805,118.61009927824746,116.64346622275754,117.6076032462805,4498335
2019-11-22,118.0273850127837,118.49304473316691,116.9298306439497,118.0273850127837,2435193
2019-11-25,117.78161234025104,118.54418683719732,117.12041262574236,117.78161234025104,9789620
2019-11-26,118.35176002689394,118.69361620064075,117.95921123464169,118.35176002689394,9308596
2019-11-27,119.17907322028545,119.40837723397877,118.16655698718947,119.17907322028545,9249695
2019-11-28,119.46698081519777,120.144253838395,118.6586111083037,119.46698081519777,8029290
2019-11-29,119.72221381503942,120.37198742809696,119.26367046839064,119.72221381503942,4236122
2019-12-02,120.53844873239868,121.09317013099316,120.40874661828578,120.53844873239868,3235928
2019-12-03,120.15412530750346,120.74278471759524,120.0671107546914,120.15412530750346,4784073
2019-12-04,119.87098199432388,120.12043979294998,119.72419737265106,119.87098199432388,2134252
2019-12-05,119.64561447889064,119.65229852942817,118.82750632900871,119.64561447889064,8975918
2019-12-06,120.33920775190707,121.33280508724201,119.77433485928913,120.33920775190707,8449272
2019-12-09,119.64920480671508,120.63806417674137,118.99823859539265,119.64920480671508,7559488
2019-12-10,119.19282821306582,120.14944273505287,118.13443493979425,119.19282821306582,2068534
2019-12-11,120.08294159708093,120.13152317871105,119.04157642572493,120.08294159708093,3586098
2019-12-12,119.95434205750067,120.4448529170097,119.52337579268068,119.95434205750067,6361346
2019-12-13,120.6109622584828,121.77319396372584,120.11334280215013,120.6109622584828,1471671
2019-12-16,120.85650254478675,121.9079246073418,119.77080402738763,120.85650254478675,4090700
2019-12-17,120.31420269533346,120.68588306061976,119.29086819297666,120.31420269533346,7873806
2019-12-18,121.06554435718921,122.2758684067052,121.01772832387141,121.06554435718921,8651963
2019-12-19,121.46023725258628,121.650641575513,120.30140027413452,121.46023725258628,9363131
2019-12-20,120.7844322192072,121.5473520155074,120.02491962521526,120.7844322192072,9013262
2019-12-23,122.28301122371903,123.05985249498437,121.99803076584305,122.28301122371903,1610902
2019-12-24,122.6660257773005,122.97488826935056,122.22056023075052,122.6660257773005,2337594
2019-12-25,124.27596836390285,124.4862802463605,124.06325732882713,124.27596836390285,5265031
2019-12-26,123.73885323529628,124.17894871643836,122.64115812334833,123.73885323529628,7346288
2019-12-27,123.83933781640238,123.95772807479469,123.82644897790138,123.83933781640238,6848897
2019-12-30,122.68655408697543,123.41096138268668,121.69680323620703,122.68655408697543,7165102
2019-12-31,121.10828640389771,122.27633765668392,120.04049814259379,121.10828640389771,8038880
2020-01-01,121.47453273461622,122.45400478582256,121.41876908387367,121.47453273461622,5596087
2020-01-02,121.708216157363,122.510214070396,121.36145804828587,121.708216157363,7651371
2020-01-03,121.27560285765173,121.58950477755181,120.41835790532582,121.27560285765173,2171661
2020-01-06,120.30093408262171,120.75991032771783,119.31487154537642,120.30093408262171,6208018
2020-01-07,119.3176636924788,119.71071179579903,119.29402486213677,119.3176636924788,5324813
2020-01-08,118.9059402457685,119.06066342921086,118.51222159948132,118.9059402457685,5883632
2020-01-09,120.3672966627924,120.8440784722844,119.53269838663647,120.3672966627924,4497464
2020-01-10,120.83517202010974,121.41198051110814,119.86953392824029,120.83517202010974,1018431
2020-01-13,119.81870334661,120.82674235533506,118.8592017911032,119.81870334661,9868696
2020-01-14,120.52381815268897,120.55316850272965,119.98451714653481,120.52381815268897,2389855
2020-01-15,119.78858825155241,119.95806343062092,119.701721868889,119.78858825155241,5434623
2020-01-16,118.75219597157947,118.75833821297219,118.69299142906414,118.75219597157947,2501694
2020-01-17,120.02075020145352,120.28151520514614,119.34249263641469,120.02075020145352,7331742
2020-01-20,119.21201314839614,120.18284707631322,118.64478037857667,119.21201314839614,7798418
2020-01-21,118.86798272346464,119.74053659833797,117.96502707854108,118.86798272346464,5706756
2020-01-22,117.6104940031475,117.70016586494094,116.68337331819842,117.6104940031475,1953579
2020-01-23,116.34221878883918,117.34928575309497,116.0949427801509,116.34221878883918,4862040
2020-01-24,115.26710117342269,116.37198331543722,114.98670757324005,115.26710117342269,6164921
2020-01-27,116.12522297435994,116.82433725882382,115.8317783667987,116.12522297435994,2491407
2020-01-28,116.13857670171099,116.71833609628585,115.9474283536997,116.13857670171099,6358376
2020-01-29,114.7173169901854,115.45432317924644,114.50099866996659,114.7173169901854,2510495
2020-01-30,114.37436539738803,114.88965643031591,114.06876946918116,114.37436539738803,8997000
2020-01-31,116.01979853553792,116.80471567374028,115.02753563743477,116.01979853553792,3957813
2020-02-03,116.88151630405213,116.89956792606797,116.45493476922795,116.88151630405213,4665333
2020-02-04,116.96328640838365,117.15999974786911,116.24671950397277,116.96328640838365,7274623
2020-02-05,118.09316441677116,118.16181891496774,117.6473814906341,118.09316441677116,9149380
2020-02-06,117.8343966229082,117.94624421581642,117.53895074070988,117.8343966229082,5486396
2020-02-07,118.20938227478103,118.29445837862444,117.03643777346659,118.20938227478103,1164685
2020-02-10,118.71186215610369,119.67500877885021,118.51943921715635,118.71186215610369,6236305
2020-02-11,117.75906084390928,118.15296390932433,117.11190315371766,117.75906084390928,9256665
2020-02-12,118.66454156287003,119.78673056290728,118.485258794437,118.66454156287003,3890109
2020-02-13,118.88852032358503,119.93675773575154,118.24515124081827,118.88852032358503,7501077
2020-02-14,119.22173817932409,119.6277597865868,118.59688981140621,119.22173817932409,5119724
2020-02-17,119.69193764507015,120.47894594892873,118.89593864165474,119.69193764507015,7303636
2020-02-18,120.53844618757887,121.06353618232357,120.31191720949676,120.53844618757887,1799010
2020-02-19,121.53196890787909,122.32922604976994,121.01023337641777,121.53196890787909,7357337
2020-02-20,121.40996308343001,122.08666270235138,121.026037453404,121.40996308343001,3113731
2020-02-21,119.97537897766823,120.59950801204434,119.17477920577629,119.97537897766823,9384679
2020-02-24,119.0307561891681,119.45338136939685,118.6857969640096,119.0307561891681,5272260
2020-02-25,119.12989953581902,119.43082207657531,118.61488325736933,119.12989953581902,8571712
2020-02-26,119.57754760067027,120.72292128196796,118.5976963320974,119.57754760067027,6667762
2020-02-27,120.06878527980165,121.21707031482632,120.01315635895585,120.06878527980165,7745993
2020-02-28,119.81653599680125,120.0139535946306,118.72915334399437,119.81653599680125,9773236
2020-03-02,121.6549301150333,122.73982860732971,120.48044570274773,121.6549301150333,3967158
2020-03-03,122.93764471010684,123.20454910926661,122.19349623412373,122.93764471010684,1404392
2020-03-04,123.28991223024359,123.77280523510152,122.42661109991984,123.28991223024359,7617045
2020-03-05,122.2535672169491,122.99309884228694,122.218531117526,122.2535672169491,6445873
2020-03-06,122.47338910078405,122.78583178384159,122.06100787688277,122.47338910078405,1119572
2020-03-09,122.13005817850642,122.30076864974649,121.00578458331732,122.13005817850642,6707197
2020-03-10,120.66301775607874,121.82585713688201,120.32419240177992,120.66301775607874,2794652
2020-03-11,120.57073242167704,121.51895533390125,120.10646934664136,120.57073242167704,3379076
2020-03-12,121.33151116987256,122.17947984133471,120.65299781659976,121.33151116987256,2555600
2020-03-13,121.54279880947927,122.74662440123406,121.27938980483935,121.54279880947927,5256057
2020-03-16,123.70014658123026,124.11045342898402,123.00910038840013,123.70014658123026,9662485
2020-03-17,124.93568901617786,125.36475354600013,124.0482882380899,124.93568901617786,3963201
2020-03-18,124.51638626668473,125.00182061442354,124.2938124159731,124.51638626668473,4880586
2020-03-19,122.57601783378963,123.03264665266953,122.3449508826993,122.57601783378963,7961876
2020-03-20,122.288088391173,123.2309849069453,121.125676183858,122.288088391173,4837019
2020-03-23,120.98433798763453,122.07457532931333,120.77437575133986,120.98433798763453,8449012
2020-03-24,119.81402573277057,120.61880070386478,119.04078746707508,119.81402573277057,3059258
2020-03-25,120.79965965757565,121.44389596648955,120.14751810434569,120.79965965757565,5659681
2020-03-26,121.28141090629947,122.09552158028725,120.79605811803604,121.28141090629947,1580796
2020-03-27,122.29989309961155,123.44695640033704,121.37067554661691,122.29989309961155,5380423
2020-03-30,124.17074844413276,124.95651185720408,124.05021169261015,124.17074844413276,7965492
2020-03-31,124.16459553424066,124.58671413858299,124.12172480069177,124.16459553424066,5343703
2020-04-01,124.14027191523664,125.28431448518447,123.56432010758752,124.14027191523664,9796296
2020-04-02,123.79257987168259,123.87448378314225,122.57144705854768,123.79257987168259,2254420
2020-04-03,124.02464809595936,124.57796387139146,123.56243057458953,124.02464809595936,9220530
2020-04-06,123.88424379643723,124.89844614542868,122.64567393851097,123.88424379643723,8109535
2020-04-07,124.66941718283648,125.22276403541835,124.22798058929779,124.66941718283648,2278297
2020-04-08,124.34060886702056,125.57685618803254,123.40239651127516,124.34060886702056,5170749
2020-04-09,124.57582478077482,125.70338741838492,124.35978342166807,124.57582478077482,5408719
2020-04-10,123.77973532265423,124.90733373841378,122.74049082635626,123.77973532265423,9459393
2020-04-13,123.86708135203541,124.27789253946388,123.25833286341214,123.86708135203541,3458127
2020-04-14,123.65509181567525,124.64048345984416,123.3897263176328,123.65509181567525,8325072
2020-04-15,124.0795351622463,124.77442590264599,123.90273056068477,124.0795351622463,1149583
2020-04-16,125.9294093974921,126.51868092887246,125.85035299016758,125.9294093974921,5353697
2020-04-17,124.39656479542236,124.969753891634,124.0584586205709,124.39656479542236,4926612
2020-04-20,123.33145955312423,124.25179353393149,122.36168165557898,123.33145955312423,1421507
2020-04-21,124.18208377309792,124.36325753080426,123.07376523069087,124.18208377309792,2285083
2020-04-22,122.41052315475287,123.18271884705081,122.18989523747854,122.41052315475287,4869957
2020-04-23,123.58291110337736,123.76332881684438,123.28373470585164,123.58291110337736,1965862
2020-04-24,123.25018094238645,123.60651036866248,122.90798591143822,123.25018094238645,4721442
2020-04-27,121.54884573094853,121.88080359736881,120.50140502613591,121.54884573094853,3725916
2020-04-28,122.03194526250991,123.15762302687686,121.17253156370903,122.03194526250991,5848775
2020-04-29,122.14511425734528,123.3225087582434,121.29918901332054,122.14511425734528,6226899
2020-04-30,122.05236014887213,123.05820285720577,121.11567286339833,122.05236014887213,9617081
2020-05-01,122.09113176548527,122.23782778806168,121.69745276336519,122.09113176548527,5587993
2020-05-04,122.1726633389072,122.18216314417242,121.89631989402842,122.1726633389072,2962209
2020-05-05,121.30670195457986,121.36191817498568,120.88139566795576,121.30670195457986,2817228
2020-05-06,120.94051923095968,121.75754584991965,120.04118112920928,120.94051923095968,4003898
2020-05-07,120.59568121036838,121.57106934009819,120.35488024833596,120.59568121036838,1170980
2020-05-08,121.80316449203666,122.34261340524917,121.22859733492113,121.80316449203666,7632286
2020-05-11,120.52702527957607,120.5916459692931,120.01974640752177,120.52702527957607,6254812
2020-05-12,121.76211121015295,122.57312194642894,121.48298261367482,121.76211121015295,6806096
2020-05-13,120.65673815410535,121.2710957009148,120.19141562248993,120.65673815410535,6998929
2020-05-14,120.47570794644618,121.34160958211528,120.3139828287179,120.47570794644618,5589437
2020-05-15,120.55066581833664,121.22203446068448,119.3572487041172,120.55066581833664,6984774
2020-05-18,120.53989964748916,120.97640516572321,119.68160523717498,120.53989964748916,8032233
2020-05-19,120.32880548482359,121.45915138789144,119.92296954732606,120.32880548482359,4009320
2020-05-20,119.51956185100667,119.6329112825428,118.89428477959902,119.51956185100667,4231772
2020-05-21,119.32970055492986,119.48739202543786,118.56257168353109,119.32970055492986,1617004
2020-05-22,119.07148343106779,119.79853250534903,119.06563760245206,119.07148343106779,1632054
2020-05-25,118.76935046989858,118.92634955149587,118.73681654268972,118.76935046989858,9244772
2020-05-26,118.60671518964851,119.44736374530692,117.98371896408216,118.60671518964851,2252203
2020-05-27,118.0634907806347,118.64834336696754,117.46326072212366,118.0634907806347,5446168
2020-05-28,118.52867910691427,119.67658447783732,118.21173355176224,118.52867910691427,8867169
2020-05-29,118.79751812033913,119.00271451044917,118.55213357779428,118.79751812033913,4732518
2020-06-01,119.94834724952041,120.28338450252188,118.75807867721758,119.94834724952041,2453137
2020-06-02,120.15994419494376,121.08912425625589,119.88864592285249,120.15994419494376,8040390
2020-06-03,120.38182090981695,120.75980825711758,120.24975027699892,120.38182090981695,6220448
2020-06-04,120.68365113759208,121.5582806548022,119.91705571071304,120.68365113759208,4870870
2020-06-05,119.95701969730248,120.59149786959591,119.60651900964847,119.95701969730248,4326921
2020-06-08,120.32019165513917,121.30277590642017,119.62040007535401,120.32019165513917,3289853
2020-06-09,120.20856718783894,120.5146359086473,120.10030954100733,120.20856718783894,7787576
2020-06-10,121.31942081423028,121.75833487481181,120.34137715635678,121.31942081423028,8795613
2020-06-11,120.7527114616911,121.95153377147767,119.72513756395955,120.7527114616911,9306775
2020-06-12,119.40595820924464,120.27922859892223,118.24553814680382,119.40595820924464,9426105
2020-06-15,118.88269194307001,119.52378376601968,117.82791338858904,118.88269194307001,1907307
2020-06-16,119.4086020240398,119.98465893817345,118.37848166610124,119.4086020240398,1720528
2020-06-17,121.00711892098579,122.0937376109414,120.21098835413115,121.00711892098579,1001503
2020-06-18,121.59423862637,122.24478110764224,120.5763143147832,121.59423862637,9082721
2020-06-19,121.36616282751471,122.27867449554961,121.12803877042147,121.36616282751471,2065850
2020-06-22,121.4836574687711,122.38931379732867,120.53587904178309,121.4836574687711,8461720
2020-06-23,120.7530220508565,121.06344589929661,119.70419356714908,120.7530220508565,1234478
2020-06-24,120.29443281424304,121.30519864009074,120.17974021492552,120.29443281424304,7522680
2020-06-25,121.08224288151317,121.6830225943439,120.99443362554908,121.08224288151317,1270074
2020-06-26,122.29221959624783,122.33844386521675,121.57070979375335,122.29221959624783,1469016
2020-06-29,123.81878847685155,124.56146285672268,123.73416336966436,123.81878847685155,3332264
2020-06-30,124.25885737738038,125.08714417218157,123.10449598870363,124.25885737738038,9412484
2020-07-01,122.1402002222278,122.27272133092526,122.03667354847022,122.1402002222278,8325225
2020-07-02,121.73521557675808,121.80655807682216,121.12575988866472,121.73521557675808,9093544
2020-07-03,121.27127796262016,122.23591982051687,121.06071357005402,121.27127796262016,1708502
2020-07-06,121.68258980515994,122.84893457088258,121.6489563217225,121.68258980515994,6119182
2020-07-07,121.97974618883352,122.61231394503577,121.2620239747293,121.97974618883352,6228864
2020-07-08,122.46433909299003,122.9676186357732,122.07411451329004,122.46433909299003,6220399
2020-07-09,121.70620059916664,122.07819003559152,120.56858287056389,121.70620059916664,5059636
2020-07-10,122.00947858276324,122.64714987871493,121.160050400976,122.00947858276324,6291218
2020-07-13,121.70234969038675,122.5075607136681,120.83038061802823,121.70234969038675,6290154
2020-07-14,122.80228622244384,123.10538713330556,122.62105787295333,122.80228622244384,4127352
2020-07-15,122.06308958297707,122.22228773913538,121.62606825084066,122.06308958297707,7722410
2020-07-16,122.50328559409613,123.61463228656794,122.20024617931884,122.50328559409613,3549021
2020-07-17,124.7653473041791,124.87607704914247,123.78269303023566,124.7653473041791,7239708
2020-07-20,123.86251424686859,124.88925072093686,122.98085647292834,123.86251424686859,8363266
2020-07-21,123.97967150477666,124.84904588103652,123.71102421815662,123.97967150477666,8909247
2020-07-22,124.26651088539953,124.85469662228635,123.56722106233086,124.26651088539953,3082078
2020-07-23,124.4768486112501,125.35433885698895,124.39758218624614,124.4768486112501,6353970
2020-07-24,123.06512450093688,123.71781901072343,122.52349457884716,123.06512450093688,2372524
2020-07-27,123.12728951349024,123.34160836047685,122.61371887266507,123.12728951349024,5098691
2020-07-28,122.83528314646699,122.99430140514455,122.20745373858512,122.83528314646699,8308659
2020-07-29,123.41514807804752,123.7160604381227,122.54961325107992,123.41514807804752,2252232
2020-07-30,123.31363814636904,123.41010182529583,122.71293496511096,123.31363814636904,3835843
2020-07-31,123.57826297861737,124.4073163541157,122.4257362277973,123.57826297861737,7550903
2020-08-03,124.65650742331016,125.67107073074631,123.54797074103652,124.65650742331016,4624115
2020-08-04,124.29169050448792,124.3414510391408,123.82452686910275,124.29169050448792,2198247
2020-08-05,123.15084045735942,124.09280389400185,122.42553206361815,123.15084045735942,2171572
2020-08-06,122.18518888172534,122.46059633658201,121.53712791057737,122.18518888172534,3714902
2020-08-07,122.05676715406422,122.57114189111806,121.88690487085657,122.05676715406422,3747195
2020-08-10,122.69371754884722,123.50549501691026,122.6347861663352,122.69371754884722,3279110
2020-08-11,121.76246406754329,122.13052594833727,121.26870081124099,121.76246406754329,2472105
2020-08-12,121.66547069762584,122.25452929355187,121.47247380697044,121.66547069762584,1530289
2020-08-13,120.55755638798571,121.11406897996545,120.3341340903024,120.55755638798571,9500078
2020-08-14,122.34111740884495,123.14158211783861,121.84644926055012,122.34111740884495,1484694
2020-08-17,120.99478611995136,122.00547579606301,120.87834392840885,120.99478611995136,8702185
2020-08-18,120.6179214911397,120.62653581872968,120.20403252816446,120.6179214911397,6764596
2020-08-19,119.29785868103231,120.13529104765331,118.87181720746986,119.29785868103231,9947292
2020-08-20,119.38398421525997,120.23934512217656,119.09740803941362,119.38398421525997,8960195
2020-08-21,117.23882615203284,118.26579267474615,116.33660548212917,117.23882615203284,5152166
2020-08-24,117.65901637673595,117.81929527840163,116.59031815951708,117.65901637673595,2672668
2020-08-25,117.3115004447675,117.8913193350285,116.78685990925675,117.3115004447675,1421622
2020-08-26,117.41780212170212,118.44319859521936,116.77694305686681,117.41780212170212,6799980
2020-08-27,118.4551416586026,119.44837066455543,118.02332449831941,118.4551416586026,2297239
2020-08-28,118.89161466724931,119.897978972281,117.7143300475079,118.89161466724931,9162602
2020-08-31,117.96440422873344,118.22074399127814,116.90307620270146,117.96440422873344,6444977
2020-09-01,117.07992168599823,118.21751749741135,117.01244672309444,117.07992168599823,7269162
2020-09-02,116.20040430294954,116.45740977720747,115.33941056076493,116.20040430294954,6022185
2020-09-03,116.238153524605,116.30880743239416,115.80209434110373,116.238153524605,2468603
2020-09-04,115.62782878283863,116.51064425731958,114.93203867811437,115.62782878283863,4148051
2020-09-07,116.8071467088551,117.80269658444742,116.38259776855826,116.8071467088551,9887458
2020-09-08,117.15738804521337,117.23899446909782,116.0084868960812,117.15738804521337,7826499
2020-09-09,117.63573415470265,118.18732613116968,117.39892259994755,117.63573415470265,6211684
2020-09-10,117.88027652362834,118.69098832332106,117.6235823937254,117.88027652362834,1125665
2020-09-11,116.49243610489812,117.38061705432389,115.37796391836004,116.49243610489812,9720838
2020-09-14,116.61214136112983,117.6874917259509,115.52972689702216,116.61214136112983,5070865
2020-09-15,116.11815208954859,116.4743297460018,115.85540579048822,116.11815208954859,4465378
2020-09-16,115.81910133940423,116.48298287146068,115.78476573345957,115.81910133940423,9500930
2020-09-17,117.46264149244222,118.42422476290768,116.86933570339619,117.46264149244222,3369412
2020-09-18,117.5566283787478,117.59553969156553,116.88522467531594,117.5566283787478,8189553
2020-09-21,117.00033893030597,117.67223295569255,116.91784693832146,117.00033893030597,3727466
2020-09-22,116.91020217993413,117.67898996893403,116.86431782869342,116.91020217993413,9141550
2020-09-23,116.27290281582128,116.39556742094007,115.3755769253497,116.27290281582128,1852502
2020-09-24,117.29960062247726,118.05751521209407,116.62565597520896,117.29960062247726,5506352
2020-09-25,116.49310127429473,117.33481057818577,115.93750295747842,116.49310127429473,6446523
2020-09-28,115.79015000281669,116.33862540071127,115.48394108311018,115.79015000281669,5655885
2020-09-29,115.62687950696771,116.2651378668142,114.90004429752312,115.62687950696771,3440838
2020-09-30,114.8820625712226,115.54741918098152,114.1794299951712,114.8820625712226,9396744
2020-10-01,115.99170460534008,116.03059405599899,115.6943868762848,115.99170460534008,5871728
2020-10-02,115.71609400445664,116.07419707263804,114.78018232393093,115.71609400445664,7624183
2020-10-05,117.01989206858896,117.91078250183376,116.6644053620508,117.01989206858896,5549325
2020-10-06,116.63423420828074,116.79247544349512,116.12512024651046,116.63423420828074,8202914
2020-10-07,116.22142220528941,116.54119237810592,115.98686733065084,116.22142220528941,2822431
2020-10-08,116.92457028330396,117.13545130873747,116.8054322635085,116.92457028330396,9792238
2020-10-09,116.95913080844373,117.48680821142634,116.3263748439017,116.95913080844373,4726049
2020-10-12,116.18998353083991,116.43956989458503,115.29117040816807,116.18998353083991,9134357
2020-10-13,116.29380467237785,117.38932722290384,115.88272415766319,116.29380467237785,7394493
2020-10-14,116.62629056120481,116.72968082564043,115.61449128133982,116.62629056120481,8668635
2020-10-15,116.34504034565146,116.45138665853274,116.21697346694668,116.34504034565146,8851698
2020-10-16,116.51246689204145,116.97480584016716,116.39498008429287,116.51246689204145,7836890
2020-10-19,115.8962834246213,116.36423255534987,115.63743316361565,115.8962834246213,7510953
2020-10-20,116.47677872146993,117.24608807416847,115.38962719719778,116.47677872146993,5606584
2020-10-21,116.23430315336213,117.0841272503397,115.59796974933475,116.23430315336213,8759356
2020-10-22,114.98134428536628,115.90681402180999,114.52990273533864,114.98134428536628,8989440
2020-10-23,113.85287700993283,114.6674332142841,113.74057197525443,113.85287700993283,4688024
2020-10-26,114.24106567461058,115.00688993490307,113.67352190302763,114.24106567461058,3168646
2020-10-27,113.21746680040403,113.76476038908224,112.67684747077679,113.21746680040403,9002439
2020-10-28,113.43978228361155,113.71889097496224,113.1163967367389,113.43978228361155,8486787
2020-10-29,114.30587389113407,114.76696903129074,113.32223592809999,114.30587389113407,6574375
2020-10-30,115.50548942762433,115.81931629334377,115.50368544288617,115.50548942762433,1622483
2020-11-02,115.47057133493959,116.45646975609068,114.45570721687666,115.47057133493959,4870198
2020-11-03,116.39904255750635,116.82733281736436,115.72278667991624,116.39904255750635,2097416
2020-11-04,115.88006272967566,116.54802642907002,115.2237324471552,115.88006272967566,4733733
2020-11-05,116.08092611676351,116.72702226986824,115.5724272056019,116.08092611676351,2534961
2020-11-06,117.62778810610503,118.27939784853208,117.58489868131194,117.62778810610503,7337355
2020-11-09,117.03847984779242,117.548841239515,116.30891039432477,117.03847984779242,9341991
2020-11-10,116.62645569207398,117.78714830989132,116.37400181304234,116.62645569207398,4540986
2020-11-11,118.01662263339989,118.87744266143982,117.87023543008519,118.01662263339989,9182885
2020-11-12,118.5008963208357,118.89671697009908,117.33267439444778,118.5008963208357,7898282
2020-11-13,119.69151999135887,120.29885329793335,119.50749104292343,119.69151999135887,3685728
2020-11-16,118.5955671268417,118.72326894698034,117.45847820166075,118.5955671268417,9550501
2020-11-17,117.5274859607014,117.67698517673965,117.3193611704919,117.5274859607014,3793046
2020-11-18,117.54898465566555,118.55613106154833,116.42422730090327,117.54898465566555,2962454
2020-11-19,118.71098646261619,118.81306957815744,117.7686543797665,118.71098646261619,4397684
2020-11-20,120.0449394469154,120.06334941150334,119.60988839613711,120.0449394469154,4635237
2020-11-23,120.471314278186,120.52262779878414,119.52013545916145,120.471314278186,7866526
2020-11-24,120.06457538875833,120.35065261688415,119.35612753331864,120.06457538875833,3762867
2020-11-25,119.87064132085573,120.27427893096119,119.50089930644343,119.87064132085573,1926501
2020-11-26,119.49647162162043,120.58255528401926,118.94054462157533,119.49647162162043,5376754
2020-11-27,120.1237634049634,121.00609569905671,119.95918470416308,120.1237634049634,5487365
2020-11-30,121.12666935879616,121.12988036582306,121.09740271461077,121.12666935879616,9490276
2020-12-01,122.79852633466123,123.43193614747838,122.02921606028396,122.79852633466123,7996053
2020-12-02,123.42979438401886,124.20821558361068,122.95321384792243,123.42979438401886,5391934
2020-12-03,123.88650946336766,124.30709967033803,122.88099851626978,123.88650946336766,9286938
2020-12-04,125.64283578667728,125.93445822904546,125.53183820470767,125.64283578667728,6632083
2020-12-07,123.9025019093644,124.68375753307896,122.8364040995258,123.9025019093644,4934115
2020-12-08,122.79935220343785,123.38672561036215,122.43578590326958,122.79935220343785,3610434
2020-12-09,122.67893310506194,122.95320300339657,121.65356253632376,122.67893310506194,8154842
2020-12-10,121.59340138565014,121.78714018902018,121.09833971044863,121.59340138565014,3429642
2020-12-11,121.27030406165082,121.28924757634971,121.03147222773333,121.27030406165082,7950948
2020-12-14,121.37939552028769,122.1481728872606,120.77456195206051,121.37939552028769,6989658
2020-12-15,122.63723251715322,122.70924962648645,122.50721702579467,122.63723251715322,6977584
2020-12-16,121.47183506437452,121.52485137126733,120.96233340451217,121.47183506437452,5271946
2020-12-17,122.05735647941414,122.49356574591509,121.83028459212089,122.05735647941414,6810408
2020-12-18,121.52276365390091,121.6078056640159,120.99212682992895,121.52276365390091,4874974
2020-12-21,120.27964156678918,120.60662792438248,119.28638907349129,120.27964156678918,7787034
2020-12-22,119.70155002347937,120.63380815713667,119.37919742732521,119.70155002347937,3362460
2020-12-23,122.48946609547093,123.17174668895939,121.66475120715249,122.48946609547093,9371113
2020-12-24,122.4019700136338,123.10328229977111,122.2987069031504,122.4019700136338,2552640
2020-12-25,123.41996388228034,124.35617821398846,122.36191248064445,123.41996388228034,3923069
2020-12-28,121.62561168915744,122.16985663081594,121.55406796355602,121.62561168915744,7719244
2020-12-29,122.63174153621267,123.04517521647749,122.09038345113228,122.63174153621267,6611194
2020-12-30,122.07030875197431,122.50498218602547,122.05138070021245,122.07030875197431,9006074
2020-12-31,122.65543821909174,123.07444139362988,121.92052245530269,122.65543821909174,1443001
2021-01-01,123.21802263460712,123.53662483259212,122.28107785785929,123.21802263460712,7062340
2021-01-04,123.55536731392031,123.76100658245798,122.68439990524377,123.55536731392031,2187374
2021-01-05,122.67484163543976,122.68857951427832,121.81701930274491,122.67484163543976,1162539
2021-01-06,122.64331307506164,122.80884889209919,121.62976602857339,122.64331307506164,4352359
2021-01-07,122.03693710082231,122.40674518346432,121.18060049983889,122.03693710082231,8595552
2021-01-08,122.78760332166792,122.81527861246873,121.92488946305302,122.78760332166792,6651158
2021-01-11,122.07041297572067,123.21728575383607,121.77260987166905,122.07041297572067,7334445
2021-01-12,121.2716719040974,121.73426623545186,120.16934435958798,121.2716719040974,3362168
2021-01-13,121.42016285148006,122.42947499441988,121.33084923099942,121.42016285148006,5267964
2021-01-14,123.41610888930256,123.67374320525077,122.3928783137581,123.41610888930256,2741460
2021-01-15,123.34416222145128,123.86648869627955,122.63697950342379,123.34416222145128,3524735
2021-01-18,124.06306842825472,124.91845172449612,123.74087894312096,124.06306842825472,2666729
2021-01-19,122.77724020951217,123.66650576878781,122.24756095994387,122.77724020951217,7043004
2021-01-20,121.31112333024416,121.70757768119249,120.68486725157057,121.31112333024416,2903572
2021-01-21,120.25768890277986,120.27190660649725,119.2130610622244,120.25768890277986,4300054
2021-01-22,119.35524630226944,119.69385035918936,118.31352765562586,119.35524630226944,6669634
2021-01-25,122.16501749130602,123.18556689003958,121.79960758497087,122.16501749130602,6132397
2021-01-26,121.02636929588057,121.05804436994868,120.66881769900102,121.02636929588057,1105594
2021-01-27,120.83445898824729,121.91309275533328,120.26139115706125,120.83445898824729,3134358
2021-01-28,119.3506494798253,119.85881343117043,118.77983854071606,119.3506494798253,9693272
2021-01-29,119.92815817057121,120.00060632202563,119.77669838499344,119.92815817057121,7809318
2021-02-01,121.6031335087379,122.77541414726949,121.14351908417531,121.6031335087379,9206501
2021-02-02,122.13392745303,123.08523431013766,121.16427186390365,122.13392745303,5970823
2021-02-03,121.06621237310759,122.16721265692563,120.72234464995417,121.06621237310759,9601803
2021-02-04,121.3127624810976,121.78224119358521,121.28369130615235,121.3127624810976,5985331
2021-02-05,122.35187737830653,123.0395137882918,121.66613296464588,122.35187737830653,8096117
2021-02-08,122.66400376884089,122.70772707024751,121.5590177786236,122.66400376884089,4777973
2021-02-09,120.49888445882803,121.600054301273,119.74493176286026,120.49888445882803,5097728
2021-02-10,121.42131862647415,121.89551447612625,121.38080607216376,121.42131862647415,6012735
2021-02-11,120.97625392991232,121.32188848112644,120.57682676375536,120.97625392991232,9610357
2021-02-12,120.84854291659262,121.0370342931278,120.48444157881934,120.84854291659262,9801062
2021-02-15,119.06902047452688,119.24768194259602,118.62765502688885,119.06902047452688,5983589
2021-02-16,118.70744485664608,119.70187354388267,118.57301106351973,118.70744485664608,9333731
2021-02-17,119.88317763540553,120.52002215831568,118.95346885207402,119.88317763540553,6452300
2021-02-18,121.18501180662831,121.85619933228872,120.81926130267843,121.18501180662831,3623973
2021-02-19,121.36543445539887,121.56031869038526,121.11627305068696,121.36543445539887,6428829
2021-02-22,121.75258939182176,122.45942997319244,120.61195813055846,121.75258939182176,5268363
2021-02-23,122.49879787335487,122.73199705372565,122.46662667232552,122.49879787335487,2669829
2021-02-24,123.1979249625728,123.33521984818267,122.10795100798346,123.1979249625728,3932661
2021-02-25,122.85523706898498,123.15724022111351,121.8711207644424,122.85523706898498,8547054
2021-02-26,122.90153712289424,123.56027774061018,122.16144836427836,122.90153712289424,1248759
2021-03-01,122.71439529240223,123.05060191298409,121.72784288839364,122.71439529240223,1687952
2021-03-02,123.27616637963321,123.84584410797146,122.86421282013283,123.27616637963321,8678473
2021-03-03,122.88834227584297,123.01994834103293,122.82306439525254,122.88834227584297,4428008
2021-03-04,123.14181304626403,124.32720421483597,122.16860728105218,123.14181304626403,2595468
2021-03-05,122.39530000042585,123.1142613476552,121.74777878166704,122.39530000042585,3075531
2021-03-08,124.08899880327529,124.76751363106989,123.14960910948344,124.08899880327529,9004777
2021-03-09,125.13220119650137,125.88996443273676,123.98051711558331,125.13220119650137,4313505
2021-03-10,123.77150869745562,124.8611510458707,123.03744757482421,123.77150869745562,3833664
2021-03-11,124.08991661429731,124.09618376028389,123.3244721802723,124.08991661429731,7777617
2021-03-12,123.75136752200626,123.9454731924782,123.27239345925716,123.75136752200626,8793865
2021-03-15,122.98195971249157,124.04614433039232,122.63054809991931,122.98195971249157,1662738
2021-03-16,122.05280405075305,123.26619247501588,121.42998945182242,122.05280405075305,3313321
2021-03-17,122.00215349818389,122.29150579438225,120.93822841977001,122.00215349818389,8751607
2021-03-18,122.21012744542281,122.96539532373727,121.8900973149825,122.21012744542281,7488348
2021-03-19,121.56472510967104,122.7201159780317,121.04431595747054,121.56472510967104,4382005
2021-03-22,121.48818782775552,122.12260755905446,120.43396527010445,121.48818782775552,6052332
2021-03-23,120.94774027299961,121.79078541637017,119.74291538246582,120.94774027299961,2804209
2021-03-24,120.76683287411889,121.06013183623902,120.62900877422037,120.76683287411889,8168472
2021-03-25,119.94354328057855,120.0426555226571,119.54633163517765,119.94354328057855,7758319
2021-03-26,119.9594502802157,120.36977630882846,119.19192900685174,119.9594502802157,3820525
2021-03-29,119.16065022581537,119.6956437955771,118.06554867880807,119.16065022581537,7299706
2021-03-30,120.41641859513521,121.21226407369224,120.16959875726087,120.41641859513521,1000135
2021-03-31,122.34125806239481,123.31041123527959,122.18803560910952,122.34125806239481,6646401
2021-04-01,122.43155556999297,122.5376249936977,122.01590189988303,122.43155556999297,6897953
2021-04-02,122.17502573910694,122.32568713468993,121.07511003966391,122.17502573910694,5017426
2021-04-05,120.65163060940532,121.76404181042291,119.66753275351384,120.65163060940532,2397846
2021-04-06,118.93124065622077,119.44152530258944,118.13002153572668,118.93124065622077,4180603
2021-04-07,120.04877261240847,121.21957979960703,119.88464917182226,120.04877261240847,1644409
2021-04-08,119.4519983623812,120.2929702533097,118.38067440946575,119.4519983623812,1225461
2021-04-09,121.03321205916106,121.86081160170919,120.5015709513261,121.03321205916106,9873650
2021-04-12,121.126629572438,121.5399981912113,120.99823773210038,121.126629572438,4359028
2021-04-13,122.02422031403708,122.30410832270121,120.80421263575059,122.02422031403708,5867035
2021-04-14,122.74006717918465,122.76894313453242,122.30752215658697,122.74006717918465,7937446
2021-04-15,121.56376783790425,122.260693910184,121.44161840026406,121.56376783790425,9876303
2021-04-16,123.09980445839324,123.24351510278098,122.8296512482948,123.09980445839324,2033283
2021-04-19,123.23695172982802,124.06289969476772,122.79828866621807,123.23695172982802,9139045
2021-04-20,123.69510201946672,123.77472027984325,123.54020540944191,123.69510201946672,3822793
2021-04-21,122.45284512824158,122.89543114895837,121.24785823280467,122.45284512824158,2660174
2021-04-22,121.27133175707152,122.40835856682682,120.4288413845862,121.27133175707152,8997812
2021-04-23,120.51078573024805,120.51800292368864,120.01187976022666,120.51078573024805,9214936
2021-04-26,121.92580126247744,122.91066034679865,120.90403647747084,121.92580126247744,9844460
2021-04-27,121.48076926973543,121.63102071063655,121.08110242711238,121.48076926973543,6618703
2021-04-28,122.81929692709213,123.41162051392331,122.47493983716595,122.81929692709213,4415811
2021-04-29,123.22752515480026,123.58796587317435,122.7810703403423,123.22752515480026,4208820
2021-04-30,124.06226916297756,124.98067755188413,123.15316111782661,124.06226916297756,1234730
2021-05-03,123.2024994229254,124.24284334911236,122.37162446966276,123.2024994229254,1802393
2021-05-04,125.47364746342846,126.14902882982781,124.47770570668686,125.47364746342846,8255274
2021-05-05,124.52497692077435,125.5245198437794,123.897366048728,124.52497692077435,9726140
2021-05-06,125.21585189117361,125.91846131198587,124.36701605589738,125.21585189117361,8240706
2021-05-07,125.71404900718287,126.31165650457261,125.67013809322528,125.71404900718287,9360538
2021-05-10,125.09016617835678,125.22636489311579,124.85018195817642,125.09016617835678,8464489
2021-05-11,123.18260392780118,123.9362388740538,122.3230085586942,123.18260392780118,2706512
2021-05-12,123.49260666330066,123.84472013699086,122.3885375508369,123.49260666330066,1018230
2021-05-13,123.0824361093531,123.8710157440956,122.16628110600239,123.0824361093531,7681581
2021-05-14,122.38871229512165,123.43109630316812,121.9930996195643,122.38871229512165,3270869
2021-05-17,122.06318717547036,122.37107044678437,121.63303091714577,122.06318717547036,4517251
2021-05-18,125.13421624620148,125.36678370611432,124.71417832881983,125.13421624620148,7678942
2021-05-19,126.61969134036721,127.53235622623379,125.36816700570915,126.61969134036721,1016621
2021-05-20,126.15880348479915,126.5712133505425,125.4924138791822,126.15880348479915,7866781
2021-05-21,125.4270737180783,125.8078286927478,124.46554262101496,125.4270737180783,7475989
2021-05-24,124.5896368158869,125.75742114410541,123.5015711137238,124.5896368158869,7014325
2021-05-25,124.10092029283246,125.11828207583866,123.32883176087194,124.10092029283246,4773041
2021-05-26,122.82671426642429,123.00396153762803,122.36727378012928,122.82671426642429,8590198
2021-05-27,122.92728957734207,123.17328197380371,121.91311306247476,122.92728957734207,4353859
2021-05-28,123.72349770829688,123.74970506656663,123.42627992097148,123.72349770829688,2257882
2021-05-31,123.22317313362254,123.55421003596412,122.96088202157632,123.22317313362254,8202493
2021-06-01,124.90082529116957,124.98613116124575,124.31692985810422,124.90082529116957,6490868
2021-06-02,126.78023736931097,127.64439878683444,126.28662686395333,126.78023736931097,3109434
2021-06-03,126.97861129426764,127.97690869864414,126.4838024516063,126.97861129426764,3140018
2021-06-04,127.50199927856758,127.99444563453852,126.48280978295688,127.50199927856758,2577107
2021-06-07,129.91053942041643,130.74315028776448,128.89993123799684,129.91053942041643,4015182
2021-06-08,129.58105289243477,130.55070488366462,128.58569053778623,129.58105289243477,4331341
2021-06-09,129.34605154530462,130.2077742251081,128.6082302663873,129.34605154530462,7702566
2021-06-10,128.84558878765876,129.2672908408905,128.0282466490954,128.84558878765876,4796113
2021-06-11,128.3568430849944,129.1633471835388,127.33111415101443,128.3568430849944,2089589
2021-06-14,129.20310172893718,129.89884792326245,129.07098964271066,129.20310172893718,8742630
2021-06-15,129.4792315758645,129.94364518213686,128.79848041917532,129.4792315758645,2877678
2021-06-16,130.1085393228224,130.13419175131733,129.96741042166894,130.1085393228224,7370999
2021-06-17,131.21439874382753,132.1620058173809,130.7883252335276,131.21439874382753,8857429
2021-06-18,130.4417114797865,130.5070677088796,129.45057543401194,130.4417114797865,5580915
2021-06-21,132.04378056518996,132.32765829774917,131.8747854786209,132.04378056518996,1231666
2021-06-22,131.09749511257436,131.7776355210086,129.99953736327564,131.09749511257436,8158538
2021-06-23,131.5151544117542,132.51556858940495,131.03378984164274,131.5151544117542,8046222
2021-06-24,131.38373023712688,132.2380602523248,130.30652406867682,131.38373023712688,3138752
2021-06-25,130.30168040268995,131.58731328204968,129.2409791191583,130.30168040268995,8171573
2021-06-28,132.33476088258902,133.16206386138987,131.4408955847038,132.33476088258902,4813801
2021-06-29,132.98787444635545,133.24385772386162,131.7339338934637,132.98787444635545,4925955
2021-06-30,133.6267759085179,134.81035933659646,133.57455859450891,133.6267759085179,3244603
2021-07-01,133.16543717116335,133.3385680698948,131.87899472245277,133.16543717116335,9095183
2021-07-02,132.71208809045393,133.1622435557026,132.09620770946276,132.71208809045393,1451117
2021-07-05,132.09125021791957,132.78746720699056,131.14685173408634,132.09125021791957,8296224
2021-07-06,133.88595947574535,135.13720826381805,132.7932443143321,133.88595947574535,3390263
2021-07-07,133.45481529934136,134.1925284283681,133.29290615574558,133.45481529934136,8168192
2021-07-08,135.06442878464765,135.93251347807563,134.85074686580015,135.06442878464765,9453149
2021-07-09,136.81372459297341,137.437055289584,136.39112001398738,136.81372459297341,2280045
2021-07-12,137.2794223695037,138.5046895621843,136.13793620623065,137.2794223695037,6563133
2021-07-13,138.27846289912853,138.72826212556737,137.02315150485762,138.27846289912853,2185344
2021-07-14,137.21379559916898,137.84647207051148,137.1461320041282,137.21379559916898,7639887
2021-07-15,137.29185059924697,137.8888964267085,136.317135032992,137.29185059924697,4217754
2021-07-16,137.5289050392871,137.68777297588423,137.00499625034274,137.5289050392871,4598926
2021-07-19,137.8451253599385,138.12766414708784,136.48065756199946,137.8451253599385,2014978
2021-07-20,139.19631623970184,139.28826689907527,138.99908357789516,139.19631623970184,6807371
2021-07-21,138.80574784664347,140.1697828125528,137.84398148989848,138.80574784664347,3551307
2021-07-22,140.83727340075757,142.04371795078353,140.3524778942208,140.83727340075757,9714186
2021-07-23,140.85505136914728,141.82586162759682,140.71146126256997,140.85505136914728,2668813
2021-07-26,138.93252913469303,140.16678172114456,138.05311720366686,138.93252913469303,6114480
2021-07-27,140.4409101062639,140.8268279127892,139.57729276729327,140.4409101062639,1831897
2021-07-28,140.69905223928097,141.01141219318234,139.31240768731007,140.69905223928097,6966398
2021-07-29,142.81645397259376,143.22835524302326,141.90216837829811,142.81645397259376,7261731
2021-07-30,143.40629470600373,143.60822353275094,143.25242820357386,143.40629470600373,2749227
2021-08-02,143.08859316615707,143.4475709882302,142.7116022614465,143.08859316615707,2926812
2021-08-03,141.04624240632768,142.43098958320115,139.69196056253645,141.04624240632768,5998538
2021-08-04,143.1310567274385,143.19151273392023,142.06455951014266,143.1310567274385,5792747
2021-08-05,142.72946121868426,143.34329008805017,142.5203212135071,142.72946121868426,2140443
2021-08-06,143.08319251652023,144.2039077737456,142.085310688438,143.08319251652023,8258545
2021-08-09,142.60052789563449,142.84417510697668,142.3678202159247,142.60052789563449,8155508
2021-08-10,142.9046157605059,144.0420515782774,141.93339997237408,142.9046157605059,9484422
2021-08-11,143.69071242550697,144.45070265178182,142.3523811555874,143.69071242550697,7645981
2021-08-12,144.04273057995943,144.20028125446132,142.81502552055545,144.04273057995943,6549618
2021-08-13,144.15928045185612,144.53401695074322,144.03949834212855,144.15928045185612,7558452
2021-08-16,143.86606667679987,144.23241099244458,143.85974858885814,143.86606667679987,6761877
2021-08-17,144.1304776129123,144.42753301605052,143.03321779926833,144.1304776129123,1497061
2021-08-18,144.46234128607784,144.5965694120824,144.19776959410143,144.46234128607784,5724110
2021-08-19,145.7041328343318,146.63922803153798,144.2909126417798,145.7041328343318,2558455
2021-08-20,146.31268979951355,147.68138577432453,146.04988288890596,146.31268979951355,4176902
2021-08-23,147.9060780127785,149.19136943741253,146.51230941560587,147.9060780127785,6538889
2021-08-24,145.32212670540503,146.24065165151657,144.7707712783235,145.32212670540503,4839446
2021-08-25,147.0851447742316,147.43607813770873,146.8594036834635,147.0851447742316,7255583
2021-08-26,148.90603976080686,149.11410710779097,148.31062515819167,148.90603976080686,7433993
2021-08-27,149.683829590074,149.86042410762525,148.85411730874108,149.683829590074,2775023
2021-08-30,150.42596539423846,150.68419662380253,150.23016092962666,150.42596539423846,1388330
2021-08-31,150.34647328082343,150.64901130777588,149.82621269856372,150.34647328082343,4012179
2021-09-01,148.56369785965586,149.2159246861693,147.25503618929727,148.56369785965586,2097862
2021-09-02,147.694801795779,148.07924023185,147.2578478994477,147.694801795779,2236479
2021-09-03,148.5650289249551,149.6984018660021,147.85430497599202,148.5650289249551,8893514
2021-09-06,149.17759712743734,149.86838335994065,148.01626854339003,149.17759712743734,5718514
2021-09-07,149.32581216942293,150.76206635280155,148.49338631237555,149.32581216942293,7881952
2021-09-08,150.37816414944098,150.41970671460194,149.76552609904488,150.37816414944098,6791501
2021-09-09,150.74724141077402,150.76410654596006,149.34112520715533,150.74724141077402,7489902
2021-09-10,150.22093988983946,150.5623376203715,149.87304381605338,150.22093988983946,5989649
2021-09-13,149.72966414810256,150.981093342448,148.67913573041378,149.72966414810256,6784649
2021-09-14,150.62557582866333,151.04891062370032,149.9234402719237,150.62557582866333,6915533
2021-09-15,150.38922883492967,150.4853601750286,148.94230991214232,150.38922883492967,5598010
2021-09-16,151.77850371774423,152.78512492965052,151.24554540329032,151.77850371774423,7619641
2021-09-17,154.20121925650184,154.22215896569,153.37748545876417,154.20121925650184,5005471
2021-09-20,154.00112032266117,155.25421592377398,153.22988429783518,154.00112032266117,4965724
2021-09-21,152.76285390704027,153.50437437966852,152.25331775387784,152.76285390704027,4946528
2021-09-22,150.253546118956,150.76592519540142,149.30771078491446,150.253546118956,6590464
2021-09-23,149.69284658492916,149.91028721603848,148.76979761776064,149.69284658492916,3440434
2021-09-24,148.09596919763194,148.3395189110512,147.77628085073837,148.09596919763194,2021517
2021-09-27,147.23360815774055,148.13787279927215,146.5453931961891,147.23360815774055,7243219
2021-09-28,146.94628788665648,148.12553663997784,145.71104483204394,146.94628788665648,2151671
2021-09-29,144.116672788837,145.31276322122181,143.1572515629983,144.116672788837,8247948
2021-09-30,144.0007227151447,144.62043524071115,143.72540418309237,144.0007227151447,3907680
2021-10-01,144.72922682370205,145.89224429001564,143.71889692361344,144.72922682370205,9438608
2021-10-04,144.18001172674965,144.88763952652556,142.80434452347384,144.18001172674965,5582399
2021-10-05,142.81786001090782,143.1552311338739,142.33555921345538,142.81786001090782,2256896
2021-10-06,142.6637486174993,142.90156771693086,141.9088048314958,142.6637486174993,4744037
2021-10-07,139.58286279652,140.34471072528785,138.95904929716028,139.58286279652,1407973
2021-10-08,140.49732239705753,141.87719480051626,139.70605955341438,140.49732239705753,7035759
2021-10-11,139.86361617175683,140.72785413281403,138.59983496942505,139.86361617175683,9272584
2021-10-12,137.63818893271488,137.91254793721328,137.4758674266134,137.63818893271488,1234654
2021-10-13,139.79952971518577,140.17172216807873,138.45305428970735,139.79952971518577,9158337
2021-10-14,140.7638320418791,140.9485778566118,140.5828670422805,140.7638320418791,6709677
2021-10-15,143.39460224727674,143.901353184433,142.96802743015942,143.39460224727674,5136582
2021-10-18,141.45959686652628,141.5320062923843,140.19844624562452,141.45959686652628,4173047
2021-10-19,139.59829575519882,140.62356146514867,139.36306837419812,139.59829575519882,8741209
2021-10-20,141.547658447696,141.66842568200573,141.3617784507944,141.547658447696,5605131
2021-10-21,141.3983190865526,142.58186899555227,140.57440647398508,141.3983190865526,3442044
2021-10-22,141.65851375656425,142.68017364231648,140.2860247387411,141.65851375656425,7553028
2021-10-25,140.97609326520373,141.7955601166418,140.48858728511428,140.97609326520373,6458249
2021-10-26,140.57034474935838,141.26022189202612,139.50830087767721,140.57034474935838,6452080
2021-10-27,141.62402586365934,142.26029865277164,140.38000753188066,141.62402586365934,6523534
2021-10-28,140.74813336779715,141.1125044269157,140.2600527211866,140.74813336779715,7689236
2021-10-29,141.99655985933833,142.5772207207337,140.7420013186762,141.99655985933833,1097576
2021-11-01,142.25373943798462,143.14594161854086,141.32253481456894,142.25373943798462,8465134
2021-11-02,142.32691828401738,142.92244598277506,140.90741210545397,142.32691828401738,2624505
2021-11-03,142.79618050007537,143.7297729592469,142.44979595771844,142.79618050007537,3330575
2021-11-04,143.41506078622425,143.95786565321487,142.95238664090147,143.41506078622425,2667514
2021-11-05,143.68106745479952,144.85838141338743,142.5865533055256,143.68106745479952,6231641
2021-11-08,142.9565305247237,143.08194718166223,142.69456829810753,142.9565305247237,5361299
2021-11-09,143.20091671078947,143.95592167866172,142.1913773091532,143.20091671078947,8868483
2021-11-10,143.25406728219417,143.89898799693626,142.00944794353506,143.25406728219417,5429207
2021-11-11,143.66134178359417,144.90309592815953,142.36241175254943,143.66134178359417,8472126
2021-11-12,144.54217715707168,144.73521786716185,143.25972082998226,144.54217715707168,2026529
2021-11-15,146.82487463067233,148.16329552757662,145.95619410171403,146.82487463067233,1666181
2021-11-16,145.7883533691188,145.9625513665113,144.4612066744077,145.7883533691188,7415862
2021-11-17,146.63408878961818,147.8094244613182,145.58666840428862,146.63408878961818,5899050
2021-11-18,145.8595993476739,145.98592405157513,144.90966214800767,145.8595993476739,2250558
2021-11-19,145.69434661299454,145.84714992317535,144.64462716400882,145.69434661299454,1050296
2021-11-22,146.3010783768506,147.49258317126294,146.21991062949388,146.3010783768506,1731560
2021-11-23,148.44630248098255,148.82778143648088,148.1997299548582,148.44630248098255,8536173
2021-11-24,147.38247314105985,147.49973597388575,146.69099929697515,147.38247314105985,7377481
2021-11-25,147.24778624008468,148.58737855271963,146.60341979621467,147.24778624008468,2037568
2021-11-26,147.9208743195842,148.86209120657458,146.47308558621305,147.9208743195842,4850229
2021-11-29,148.69979035663943,149.3023278522333,148.0062153623603,148.69979035663943,7912247
2021-11-30,146.7365795999883,147.15873773007658,146.26880644981716,146.7365795999883,2393289
2021-12-01,147.66526804926258,147.78426435820293,146.6608714805951,147.66526804926258,8116561
2021-12-02,148.83494011815122,148.9450253182115,147.7249926433274,148.83494011815122,5863497
2021-12-03,149.3459678269586,150.44232236578264,149.04402717680335,149.3459678269586,5395856
2021-12-06,148.14820412724973,149.3939177184113,146.8042812573307,148.14820412724973,3363984
2021-12-07,149.05708937654654,150.50894101294966,148.38082020122323,149.05708937654654,7658347
2021-12-08,151.52174062500742,152.46128750994785,150.32276378476956,151.52174062500742,8064711
2021-12-09,151.13941960407098,151.48407595091038,151.09155114993945,151.13941960407098,6165027
2021-12-10,151.23092899106953,152.1205901828248,150.25658250998828,151.23092899106953,4418913
2021-12-13,150.02762016980057,151.43405003508997,149.04085888910413,150.02762016980057,8054912
2021-12-14,150.5382818201882,150.73673988631825,150.33265306878693,150.5382818201882,3158328
2021-12-15,151.96371214270675,152.70505018268477,150.7496065605821,151.96371214270675,8427919
2021-12-16,149.61170631623003,150.51876122378232,149.27362432329997,149.61170631623003,2738862
2021-12-17,150.1314527485281,150.97092506993417,148.7841359872192,150.1314527485281,4645631
2021-12-20,149.81444639683806,150.1395654621361,148.91001266720286,149.81444639683806,6750393
2021-12-21,151.28542187323177,152.04638131076177,150.25596376263692,151.28542187323177,2250167
2021-12-22,152.42502654046777,153.4776245479038,151.8828588301671,152.42502654046777,9299412
2021-12-23,152.0940984575348,153.51963714148408,151.22723327959474,152.0940984575348,7133907
2021-12-24,152.43652447105634,153.13277779494533,151.87831625102083,152.43652447105634,3548169
2021-12-27,152.9529351151638,154.4632020676622,151.89293694723176,152.9529351151638,4606460
2021-12-28,154.23568602021444,155.76335300653383,153.42328984116824,154.23568602021444,8665467
2021-12-29,154.89129525467456,156.20084398270862,154.7467823474853,154.89129525467456,5761349
2021-12-30,153.74260698738362,154.59798644911396,153.29333841551065,153.74260698738362,3636179
2021-12-31,155.5923484366425,155.6364748991908,154.8996258067133,155.5923484366425,9995906
2022-01-03,153.37395534381326,154.85327374192696,151.84582448794603,153.37395534381326,5764449
2022-01-04,154.59019901920638,155.2550206202078,154.0324617181627,154.59019901920638,2372938
2022-01-05,155.89150692272557,156.75965520584418,154.99683188543082,155.89150692272557,2732536
2022-01-06,156.28755645276743,156.83855322894047,155.60518184700524,156.28755645276743,7274728
2022-01-07,158.48181274355474,159.16874765340404,157.43312791573297,158.48181274355474,2986599
2022-01-10,156.80399417360587,157.26248807955264,156.37631292020674,156.80399417360587,2032156
2022-01-11,156.8041655076299,157.3028320933362,156.4311873074614,156.8041655076299,3778321
2022-01-12,156.12422090207892,157.30238962137693,155.79638321457995,156.12422090207892,2625086
2022-01-13,157.36691845545556,157.90478369651018,156.70923864536945,157.36691845545556,6479467
2022-01-14,159.53674652342278,160.95663220623763,158.1419638191577,159.53674652342278,4793890
2022-01-17,158.83869496969714,160.10613076873895,158.7126318215463,158.83869496969714,6839586
2022-01-18,160.33074315881913,161.92730493120828,158.78515567013744,160.33074315881913,4797191
2022-01-19,160.28519121926243,160.29438589414968,160.2393240833059,160.28519121926243,7223309
2022-01-20,159.42537113751774,159.80169223158677,158.0750799342149,159.42537113751774,8184241
2022-01-21,158.33552746488772,158.51053769674132,157.17124291309787,158.33552746488772,4285195
2022-01-24,159.66972492379924,160.0143560353714,159.40980778220032,159.66972492379924,1512771
2022-01-25,157.72996991006332,158.99519555606284,157.59875309527408,157.72996991006332,6370355
2022-01-26,157.6752676711252,158.5205271655632,156.7120187519691,157.6752676711252,6163773
2022-01-27,158.62603466244389,159.63459565761883,157.62622391810413,158.62603466244389,8270121
2022-01-28,157.65162066936492,158.6495601838471,156.25036362986782,157.65162066936492,1432541
2022-01-31,158.66579309757108,160.0159776308548,157.21889540627626,158.66579309757108,3964311
2022-02-01,158.938668680011,159.31545313108802,158.65793111000073,158.938668680011,5990301
2022-02-02,160.5289972759038,162.03077881992832,159.79067385220486,160.5289972759038,5216665
2022-02-03,159.73543978862054,159.92707716128157,158.60636350743053,159.73543978862054,6467640
2022-02-04,162.1267784628432,163.71386841755287,160.71528580913,162.1267784628432,1014539
2022-02-07,164.23229554938055,165.38470667970464,163.14719426109582,164.23229554938055,7989982
2022-02-08,164.59406020959443,165.44909473859772,163.88372100353936,164.59406020959443,3887642
2022-02-09,165.18450952725948,166.3137531005495,163.63880478780584,165.18450952725948,2763455
2022-02-10,164.4270425598333,165.01145749458084,164.08095952327173,164.4270425598333,9822447
2022-02-11,165.64472785912753,166.0505558667978,164.03162591190946,165.64472785912753,6023073
2022-02-14,167.55893150593633,167.99112155795243,165.90432926368234,167.55893150593633,3679168
2022-02-15,167.49700912856161,168.51453316781092,166.77995101574797,167.49700912856161,3529024
2022-02-16,170.38074082067234,170.758760368086,169.96760276183238,170.38074082067234,9053549
2022-02-17,171.72147108335957,173.3108780874134,170.642325592192,171.72147108335957,7186776
2022-02-18,170.6132503548862,170.87849259049614,169.49983936663213,170.6132503548862,9666953
2022-02-21,170.97096967844678,171.32308009096639,170.03018139392654,170.97096967844678,6158811
2022-02-22,171.4731847913316,172.71875771891172,169.95712226506066,171.4731847913316,4730893
2022-02-23,172.49899913818706,172.91485589387815,172.27776987228793,172.49899913818706,9683378
2022-02-24,176.39026775271424,177.01311309759564,175.78335803036856,176.39026775271424,2105694
2022-02-25,177.3010175731473,178.96219430653582,176.6828046507769,177.3010175731473,3689260
2022-02-28,178.33188033538923,179.9624204873143,177.78796913543474,178.33188033538923,7682658
2022-03-01,180.37358939074946,180.65524300321005,180.28978400506583,180.37358939074946,4106182
2022-03-02,179.03910543076282,179.69679725620108,177.46267349735325,179.03910543076282,9988191
2022-03-03,179.28246132341906,179.56048615119823,178.9178156803654,179.28246132341906,3172465
2022-03-04,177.0804187173741,178.44161348952798,175.93917756600126,177.0804187173741,8493222
2022-03-07,179.11697430014038,179.4795737293581,177.77180788706482,179.11697430014038,1385361
2022-03-08,179.73912450985674,179.93552680903338,178.00078959296093,179.73912450985674,9078842
2022-03-09,179.64627281011389,181.39176546996788,179.64562605397,179.64627281011389,7231096
2022-03-10,181.10154029408196,182.34720563942156,180.44362457031067,181.10154029408196,4162942
2022-03-11,181.54983257175655,182.96611516657558,181.03195547506954,181.54983257175655,6187714
2022-03-14,182.2464750277318,182.776945778239,180.78437244423966,182.2464750277318,6283125
2022-03-15,184.22219444129243,185.8311053127947,183.59599446877272,184.22219444129243,9730730
2022-03-16,184.1647125981366,185.75939729389563,183.1462960127665,184.1647125981366,6871288
2022-03-17,186.0391717522237,187.25901110304034,185.15096494209547,186.0391717522237,1822718
2022-03-18,186.19954011695594,187.44542239371665,186.15566339099718,186.19954011695594,4968731
2022-03-21,184.77404082970088,185.98882238314033,184.6758123814161,184.77404082970088,1559959
2022-03-22,185.91248379024387,187.37030040403204,185.31688413170562,185.91248379024387,1652372
2022-03-23,185.96880429925227,186.8385509099792,184.8940715038206,185.96880429925227,2658352
2022-03-24,186.13310099358222,186.1381578697099,186.02035492785802,186.13310099358222,1444305
2022-03-25,186.08912305071203,187.39683684942753,185.65713765177082,186.08912305071203,2697260
2022-03-28,187.6223306842282,189.2733233253532,186.45065294055726,187.6223306842282,6608743
2022-03-29,188.91979565477394,189.75691391566684,187.98737466202255,188.91979565477394,6157413
2022-03-30,188.50637582779336,189.5668181115824,188.16026763349174,188.50637582779336,3322346
2022-03-31,188.00511046137962,188.2772031175993,187.90767921408556,188.00511046137962,5137744
2022-04-01,188.03190808977794,188.43623451994253,186.33014150466488,188.03190808977794,9991605
2022-04-04,188.8369020237291,190.31073541320117,188.61036936459678,188.8369020237291,2942605
2022-04-05,187.94434327285933,188.16342967939812,186.9532995084567,187.94434327285933,3297879
2022-04-06,188.74250777931405,190.3285621760888,186.97217863655163,188.74250777931405,3661309
2022-04-07,186.72141643120668,187.21105071402044,185.0972381481324,186.72141643120668,6677685
2022-04-08,188.57349708448962,190.04187571371367,186.75552506510166,188.57349708448962,2320138
2022-04-11,187.6967469828199,188.48184377710973,186.1519560866811,187.6967469828199,9739465
2022-04-12,190.23294056741162,191.53487068372587,188.47213232546866,190.23294056741162,5473775
2022-04-13,190.1954082024235,190.4967520347327,188.46569954740613,190.1954082024235,5641817
2022-04-14,190.82998587823604,192.2996088563864,189.9547787820505,190.82998587823604,3444647
2022-04-15,189.36657355250063,189.48028768620847,189.2584418693447,189.36657355250063,7015548
2022-04-18,191.10715637227685,192.97231243422505,190.0179507657575,191.10715637227685,3480509
2022-04-19,189.88349982687325,191.12559137698486,188.2107483580853,189.88349982687325,5237531
2022-04-20,189.61312627405007,190.34810668887053,188.1819777297082,189.61312627405007,8206517
2022-04-21,190.25261986598514,190.32646982937032,189.5609195683491,190.25261986598514,7301443
2022-04-22,190.59810442800628,191.9263990711784,189.88237616409148,190.59810442800628,6456705
2022-04-25,188.30156440164092,188.6885339808584,187.09020589859324,188.30156440164092,4616412
2022-04-26,186.37711722553064,186.6151587917035,184.90906037634554,186.37711722553064,2070887
2022-04-27,185.40396093186362,186.07992479509474,185.28705676098195,185.40396093186362,1330567
2022-04-28,184.1875454868257,184.55905196792932,184.13758695818882,184.1875454868257,4256997
2022-04-29,181.8737362399415,183.02151453665894,180.85341248095557,181.8737362399415,9192016
2022-05-02,182.36235200199843,183.60283921734188,180.78308032045345,182.36235200199843,5531790
2022-05-03,184.59828776849935,186.42210357389806,184.2525185665818,184.59828776849935,5717007
2022-05-04,185.3415350461023,186.3874240076042,185.13061937021092,185.3415350461023,2717687
2022-05-05,185.19613737522013,185.49585536347027,184.2987455588414,185.19613737522013,2371291
2022-05-06,184.95137715175233,186.0329416590395,184.59536415577654,184.95137715175233,7668020
2022-05-09,186.1124695227468,187.24293363158768,185.4917633513672,186.1124695227468,4121997
2022-05-10,183.67339308972618,185.11760644593903,182.4327413157284,183.67339308972618,3690376
2022-05-11,184.0345732529986,184.06485193739272,182.43005381819646,184.0345732529986,4142608
2022-05-12,183.20832786585282,184.18886361016558,182.39900768001417,183.20832786585282,6722364
2022-05-13,182.2101049308973,182.36277237288638,181.65286625895487,182.2101049308973,1236812
2022-05-16,183.1783221602213,184.08985662596095,182.33774159042204,183.1783221602213,9046633
2022-05-17,182.55109437742826,182.60244411186147,180.87590934696172,182.55109437742826,9406419
2022-05-18,181.7655083456178,182.7433246066446,180.73642670375344,181.7655083456178,6308706
2022-05-19,181.3096494458849,181.6942720332317,180.35509982427723,181.3096494458849,6140866
2022-05-20,181.7024234235666,182.98186443460582,181.43257520245473,181.7024234235666,1382843
2022-05-23,182.85664316879112,183.78724277970068,181.57735980567912,182.85664316879112,5759920
2022-05-24,185.14240640672878,185.8688183291327,183.6780656262043,185.14240640672878,8708234
2022-05-25,184.6960348595624,185.13076141486013,184.08336951078954,184.6960348595624,8633590
2022-05-26,185.57285661405388,186.75339250537937,184.7850373524873,185.57285661405388,6761528
2022-05-27,184.94220997039386,186.52322487198833,183.15137683649,184.94220997039386,4584247
2022-05-30,185.42674587677433,186.5752179807762,184.3936707627807,185.42674587677433,5135716
2022-05-31,182.5803431731398,183.01190755544894,181.01635725788043,182.5803431731398,7115436
2022-06-01,182.0153112511422,182.93277728141717,180.63463150058257,182.0153112511422,2794946
2022-06-02,181.32365304868105,181.46372384368274,180.29624947606624,181.32365304868105,1642644
2022-06-03,178.01050335585535,179.44438378381227,176.59615000553038,178.01050335585535,9505753
2022-06-06,177.33384542624256,178.74057608793146,175.84176011279789,177.33384542624256,2784192
2022-06-07,178.90384329654486,179.35254751283034,177.971755989529,178.90384329654486,6766050
2022-06-08,177.83916391956723,178.71120992769667,177.47180684789078,177.83916391956723,4438043
2022-06-09,175.98678033706915,176.24368207195752,175.43695997346043,175.98678033706915,5119438
2022-06-10,174.40140008887695,175.76763291087,173.06466881746087,174.40140008887695,1920446
2022-06-13,173.51445927142515,174.24538816632787,172.3599961883002,173.51445927142515,7836873
2022-06-14,171.71264170773844,172.69801647535843,170.6846868144105,171.71264170773844,7373607
2022-06-15,170.30300202254864,171.970763066377,169.8884087587109,170.30300202254864,1610639
2022-06-16,169.56582850736328,170.87998652785498,169.29928921681608,169.56582850736328,7125247
2022-06-17,169.1331979623916,170.45353037484963,168.54550370104343,169.1331979623916,2422998
2022-06-20,169.4065564980702,169.56448485780362,168.35002845295125,169.4065564980702,9202657
2022-06-21,171.98031260780348,172.45097292286525,171.9271332289583,171.98031260780348,6079363
2022-06-22,172.35207452510974,172.43483185891094,170.83649440581593,172.35207452510974,1263187
2022-06-23,174.41351586134493,174.59865035916647,174.21024493471705,174.41351586134493,2658203
2022-06-24,175.56094351113236,177.2278537788816,174.83845848612415,175.56094351113236,5797935
2022-06-27,175.08888202206515,175.81925165599284,174.89702563807398,175.08888202206515,4791535
2022-06-28,173.90952563547526,175.03479281165497,173.44650087279683,173.90952563547526,9358918
2022-06-29,175.18619592942161,175.34184426198243,174.6359881555524,175.18619592942161,9943316
2022-06-30,172.4061882930425,172.47321354182137,172.2935268113035,172.4061882930425,3662982
2022-07-01,172.23855670731766,172.6670558652549,171.13364720259844,172.23855670731766,7605638
2022-07-04,173.03315041793346,173.74305107597957,172.17571846093043,173.03315041793346,6246677
2022-07-05,170.6706258170922,171.44022776177763,169.35866408912764,170.6706258170922,6795484
2022-07-06,170.94603181192593,171.85835274420748,170.44008524852055,170.94603181192593,8352168
2022-07-07,172.29769674665482,173.33535800438736,172.150506623457,172.29769674665482,1350039
2022-07-08,174.05118534119092,175.48474073019676,173.45025073658337,174.05118534119092,7884505
2022-07-11,174.91336810982324,176.3497748797974,173.59511292056126,174.91336810982324,8255251
2022-07-12,177.9293307322614,179.27424704209162,176.57085477718323,177.9293307322614,6457141
2022-07-13,176.1084309311259,177.6423355986874,175.57205089901635,176.1084309311259,7279329
2022-07-14,176.64969674963902,177.03783025149647,175.3570511893155,176.64969674963902,5845105
2022-07-15,177.00985360803872,177.27714010762986,176.25183147648286,177.00985360803872,1794943
2022-07-18,174.82554527189,176.31187379627264,173.3971483037635,174.82554527189,3974194
2022-07-19,175.9450203547388,176.28496111085502,174.83900523950172,175.9450203547388,7597918
2022-07-20,173.61054231402434,174.14896937398663,172.12679523548007,173.61054231402434,7434811
2022-07-21,173.60461475892893,173.66053377535277,172.2114672822172,173.60461475892893,9796299
2022-07-22,173.64899943185833,174.11374971107645,173.52625903328817,173.64899943185833,2716040
2022-07-25,172.6212726937307,173.45380518551195,171.56188029445016,172.6212726937307,8968718
2022-07-26,173.1071302494237,174.45744088146145,171.76842608208315,173.1071302494237,5731885
2022-07-27,176.11256824086257,177.35944141697001,176.06908321937001,176.11256824086257,3085757
2022-07-28,176.9267572169005,178.6218314992275,176.83781493179774,176.9267572169005,7619433
2022-07-29,176.01789170169127,177.61467700414312,175.19756962560552,176.01789170169127,3438951
2022-08-01,177.90346630666318,179.23021219937118,176.76338550891788,177.90346630666318,5692173
2022-08-02,180.30460990737012,181.38371131445925,179.31304241121427,180.30460990737012,9904547
2022-08-03,179.65654238347508,180.19797812119387,177.86176542015104,179.65654238347508,3458244
2022-08-04,179.72501627695533,180.31289254387937,179.64254996620446,179.72501627695533,3278939
2022-08-05,178.3122019016817,180.06658501800197,176.6354589983632,178.3122019016817,4008203
2022-08-08,178.82762945465026,180.24868716988757,177.38647207212418,178.82762945465026,6833129
2022-08-09,179.10229754408385,179.6075138528685,178.305875455974,179.10229754408385,6368316
2022-08-10,178.71845116028635,179.4344132323585,177.12193693475234,178.71845116028635,2618993
2022-08-11,178.25640964168542,178.7513756744042,178.13599772935112,178.25640964168542,2449831
2022-08-12,178.8226523744613,179.28575636490382,178.4722037848825,178.8226523744613,6951839
2022-08-15,180.29083828466298,181.31975981198562,180.21562960290288,180.29083828466298,4300317
2022-08-16,179.73623557629224,180.81055651756046,178.61932258434945,179.73623557629224,8566420
2022-08-17,181.00134120375563,182.02871579796164,180.25917994952312,181.00134120375563,2254537
2022-08-18,178.24922627311435,180.01174749258968,178.09634002171612,178.24922627311435,7165243
2022-08-19,176.4525151733116,177.17574299369196,175.33096049146502,176.4525151733116,8808637
2022-08-22,176.76079942243948,178.4916675078069,175.44512541538757,176.76079942243948,6534757
2022-08-23,178.48167270703493,179.770077004095,177.19687079642856,178.48167270703493,9643214
2022-08-24,176.78640547219194,178.54882276573625,175.20189820936426,176.78640547219194,4517942
2022-08-25,178.18525438792076,179.75870135050343,177.29262533896323,178.18525438792076,4906280
2022-08-26,177.6165028210057,178.90615544736247,176.30861305187338,177.6165028210057,3137677
2022-08-29,177.79268769162525,179.4151535783137,177.6746132769371,177.79268769162525,3762070
2022-08-30,178.52109947011706,179.06878893106068,178.3728979288769,178.52109947011706,5286049
2022-08-31,178.8104634804399,180.28384942041944,177.2674374160196,178.8104634804399,2204012
2022-09-01,179.14704235788048,179.6940805088127,178.45588960495638,179.14704235788048,3168055
2022-09-02,180.34724763791584,180.4424651252617,179.90291660934722,180.34724763791584,9147708
2022-09-05,180.3752181514546,182.118540127797,178.9263273268016,180.3752181514546,8081546
2022-09-06,179.7976513511168,180.04797244766306,178.2027786827216,179.7976513511168,4860504
2022-09-07,178.31916440946708,178.64665526924213,177.0655488901103,178.31916440946708,9501597
2022-09-08,174.79609180281716,176.0623477892562,173.56749600114804,174.79609180281716,9384784
2022-09-09,176.12514443824537,177.07839622600954,174.9853917351459,176.12514443824537,8187062
2022-09-12,175.9266657025907,177.042233533314,174.71502850046,175.9266657025907,4521424
2022-09-13,179.16221599165127,180.35983401618196,178.71297693993674,179.16221599165127,7405274
2022-09-14,181.70092236689825,183.48290263656332,180.51297890422515,181.70092236689825,6281824
2022-09-15,182.81664207004576,183.80258577051177,181.49223854991678,182.81664207004576,3464165
2022-09-16,182.89487361315474,183.02261181300102,181.70208654280103,182.89487361315474,4322889
2022-09-19,180.53231594548492,181.9579117404905,180.14078569711813,180.53231594548492,5241856
2022-09-20,183.42653082581197,184.06950342679647,181.94340782485494,183.42653082581197,4016955
2022-09-21,182.12610582048464,183.2812474957305,181.6074071903007,182.12610582048464,4201041
2022-09-22,182.18016130242313,183.2850041947197,180.6621483925133,182.18016130242313,2277435
2022-09-23,183.1945344240966,184.08667686511217,181.41076843762116,183.1945344240966,3962678
2022-09-26,185.48444502121012,187.23363357223593,184.0103812861288,185.48444502121012,1115123
2022-09-27,183.65774867640206,183.8311625618574,182.44883405961713,183.65774867640206,9213475
2022-09-28,182.88254608357386,182.9119117592743,181.4604837211003,182.88254608357386,4771955
2022-09-29,182.6748652765869,182.74869653286322,182.53548350210764,182.6748652765869,1461964
2022-09-30,183.10336637186296,183.60360803591342,181.28666967515846,183.10336637186296,2426207
2022-10-03,181.95421411163107,182.8637277410064,180.64223912132235,181.95421411163107,7683765
2022-10-04,182.7368256505893,182.85153968712942,181.81195806018283,182.7368256505893,5454621
2022-10-05,183.28618097234298,184.69718648326005,182.11477459610924,183.28618097234298,8624625
2022-10-06,184.19963913760196,184.20071693640188,182.72757523695802,184.19963913760196,6607687
2022-10-07,185.79858004118586,186.40029690923757,184.28170212607404,185.79858004118586,2880401
2022-10-10,186.58360500165466,186.6360242111537,185.54241946290892,186.58360500165466,2771699
2022-10-11,188.80662616618474,189.4671440027526,188.64239288580748,188.80662616618474,8243754
2022-10-12,189.29131273928738,189.56200796121135,187.9341336555723,189.29131273928738,6060317
2022-10-13,187.88705767859886,189.06913948859193,186.84812915254994,187.88705767859886,7976227
2022-10-14,186.73097816575603,188.47628736427225,185.37660036303066,186.73097816575603,8968156
2022-10-17,186.73739083991416,188.40672584333112,186.3205297339375,186.73739083991416,9523868
2022-10-18,187.3155857573666,188.67613462013477,186.88888311549644,187.3155857573666,6565752
2022-10-19,190.10984052771016,190.61937671933578,189.98869948788632,190.10984052771016,9822058
2022-10-20,191.27254913961454,192.1395701227271,189.91663583185317,191.27254913961454,6317344
2022-10-21,191.11768666919778,192.21350716512643,189.28156179347667,191.11768666919778,6564429
2022-10-24,194.0833850303391,194.85568107137027,192.35003235544556,194.0833850303391,7474323
2022-10-25,196.97411413813586,196.9937950359217,195.23629086936614,196.97411413813586,8868044
2022-10-26,197.2133395318599,197.75007152715028,195.30766630818877,197.2133395318599,1821315
2022-10-27,197.26747631012108,198.91801370738804,195.78035109092798,197.26747631012108,7089911
2022-10-28,196.60150351710055,197.2317406721814,194.98215561738056,196.60150351710055,9941368
2022-10-31,198.014430738266,199.5269079150396,197.77500774618937,198.014430738266,6956099
2022-11-01,199.61785256846767,201.23559201012318,198.08494749534466,199.61785256846767,9121670
2022-11-02,198.69191349934823,200.15997758196644,197.06568216500696,198.69191349934823,4059754
2022-11-03,197.83965591884248,198.66821391595485,196.5713141081616,197.83965591884248,8125514
2022-11-04,196.62248766792985,196.95789701722825,195.82049871553585,196.62248766792985,9077719
2022-11-07,195.4919068417936,195.64801901879343,194.9421657187204,195.4919068417936,8870321
2022-11-08,196.55909103510845,196.95748983592463,195.41186891564155,196.55909103510845,8012363
2022-11-09,197.18784875815405,198.54257484585892,195.608536917939,197.18784875815405,4069263
2022-11-10,197.43270864867878,198.56667920804875,196.19134458559813,197.43270864867878,2146106
2022-11-11,198.62061489837183,198.96087374852314,196.89281654678945,198.62061489837183,7907125
2022-11-14,200.7113506963634,201.17413155978002,199.40638042687527,200.7113506963634,8890347
2022-11-15,202.43888730710725,204.4359979488543,202.09359308755114,202.43888730710725,7959226
2022-11-16,205.01278380649916,205.96085071635025,203.04146387272698,205.01278380649916,1429670
2022-11-17,204.80777697936995,206.51205605988696,204.40568050356052,204.80777697936995,3077860
2022-11-18,206.51822826536193,208.00134309214883,206.16408171158176,206.51822826536193,6513167
2022-11-21,204.79812839523598,206.06131921406796,203.75831130490164,204.79812839523598,9694134
2022-11-22,204.88044770650475,206.33811191137625,203.1136928676956,204.88044770650475,5082768
2022-11-23,204.09010284424673,205.7663827561596,202.78724968907352,204.09010284424673,3667205
2022-11-24,199.48828268688524,200.06341195035802,199.45347234160425,199.48828268688524,7228581
2022-11-25,199.79232289803917,200.52073279543075,199.1993011071444,199.79232289803917,9305536
2022-11-28,201.34103623397803,202.04683174628767,199.82401160139514,201.34103623397803,9027488
2022-11-29,204.08769835386087,204.77117071609075,202.6567496867892,204.08769835386087,3811117
2022-11-30,204.73837521413049,205.7492234138411,203.97668122249507,204.73837521413049,8327197
2022-12-01,203.0276472340841,203.4931454175075,202.67530096375222,203.0276472340841,4956930
2022-12-02,201.82964067289907,202.16338603186094,200.52975663202542,201.82964067289907,8919568
2022-12-05,201.52739926458102,203.52383895750165,199.85342668047605,201.52739926458102,8789687
2022-12-06,200.35896748431145,200.4109593557483,200.29011215968816,200.35896748431145,6526400
2022-12-07,198.2981234666893,199.9470646970785,196.73912862753906,198.2981234666893,3073553
2022-12-08,196.80941667368,198.69298419454333,195.95590998557154,196.80941667368,2135492
2022-12-09,196.91880962979283,198.45765177484174,196.85913755459964,196.91880962979283,6864951
2022-12-12,194.82246403112444,196.51315321880574,194.64942544697817,194.82246403112444,5983290
2022-12-13,195.75556343824152,196.99213198913978,194.2518842625036,195.75556343824152,7219578
2022-12-14,196.76931014314022,197.69804560640728,195.73272188705405,196.76931014314022,9389880
2022-12-15,196.2631300060135,198.10053024759264,196.2066188337074,196.2631300060135,8362340
2022-12-16,195.28670830653422,197.225491262436,194.4348209261841,195.28670830653422,4691693
2022-12-19,194.48664214552332,195.91791594581431,194.0007959896165,194.48664214552332,3090892
2022-12-20,192.91546052384913,193.47394457958717,191.28052627254928,192.91546052384913,4774611
2022-12-21,193.28737559901785,194.77544149506656,192.96383835042454,193.28737559901785,8246240
2022-12-22,194.89680027229707,196.57396559375803,193.7241272263417,194.89680027229707,1609096
2022-12-23,194.66105585092674,196.3652604020099,194.55014476504223,194.66105585092674,2685017
2022-12-26,194.4988579256608,195.33926567438593,193.68732443219724,194.4988579256608,2543833
2022-12-27,196.55023666831153,198.36347666540348,195.74491936902686,196.55023666831153,9611569
2022-12-28,194.1836401654519,195.69861352986848,193.44765098826696,194.1836401654519,7232645
2022-12-29,192.71563589783267,194.23582583196196,190.9272607202451,192.71563589783267,1694150
2022-12-30,195.1793600015458,195.8839153290491,194.36340339089102,195.1793600015458,7394616
2023-01-02,192.6326028128806,192.70623119888828,191.64996647643557,192.6326028128806,8412740
2023-01-03,190.95981844621608,191.65112642074928,189.81131289594813,190.95981844621608,8300829
2023-01-04,193.9851126495381,194.4721298098057,192.38165966623208,193.9851126495381,2148870
2023-01-05,192.47782847096445,193.8560213675636,191.7607354732634,192.47782847096445,5444521
2023-01-06,191.99950346911814,193.65882133619562,190.76498674557743,191.99950346911814,5394529
2023-01-09,190.82060198059156,191.3034671483429,190.34067999246486,190.82060198059156,5260979
2023-01-10,193.3703885900358,194.11120829889376,192.82194958051235,193.3703885900358,8825594
2023-01-11,193.16576963075315,193.5749598754508,191.34993547506912,193.16576963075315,2121750
2023-01-12,192.2910835155282,193.59695954141935,190.7760959124133,192.2910835155282,5073539
2023-01-13,192.32503786350262,192.619293970603,191.92519092479594,192.32503786350262,4347277
2023-01-16,190.56059073938138,191.64805276915098,188.71757752300545,190.56059073938138,7687787
2023-01-17,188.84079182668953,189.70415482734217,188.27545995963854,188.84079182668953,6082365
2023-01-18,187.9675875841463,188.0281751220137,187.69074063556076,187.9675875841463,9836570
2023-01-19,187.06555071506813,187.60831152254474,186.97792834926724,187.06555071506813,5335100
2023-01-20,185.72108913892401,187.09050547812532,185.22507855346063,185.72108913892401,8178642
2023-01-23,184.61526806664114,185.8009959969709,183.71062659799966,184.61526806664114,7895312
2023-01-24,184.26122577749115,184.772139088457,184.17037969066362,184.26122577749115,3082133
2023-01-25,183.7412943424377,183.93812478400142,183.63985793498938,183.7412943424377,9755615
2023-01-26,183.74428916317729,184.706273693167,182.05134592817788,183.74428916317729,8418550
2023-01-27,182.94631760766117,183.19880274815313,182.73069295307366,182.94631760766117,7120783
2023-01-30,183.28159597294237,185.01721932762675,182.382837450903,183.28159597294237,2715045
2023-01-31,185.2635974623351,185.73491754243634,183.96116304553303,185.2635974623351,3145140
2023-02-01,184.59697968847703,185.56114593047155,184.1675668445187,184.59697968847703,8906211
2023-02-02,186.33511705178748,187.96629662977384,185.22749727386,186.33511705178748,1858823
2023-02-03,185.08005810358998,185.38762950913477,184.5973203924694,185.08005810358998,5605486
2023-02-06,182.7975214911681,183.34140076030366,181.06263998792528,182.7975214911681,3881706
2023-02-07,182.89505318395427,183.37120869523108,182.1437278542781,182.89505318395427,5794523
2023-02-08,181.24869026081322,182.19058445607376,179.86678243822604,181.24869026081322,7244117
2023-02-09,180.93866987006507,182.38220024748202,179.68460180760408,180.93866987006507,4941482
2023-02-10,181.7271289205516,181.82145304139544,181.46543847176855,181.7271289205516,4542143
2023-02-13,184.1235089704556,184.48607415284107,183.93971894513112,184.1235089704556,1003288
2023-02-14,183.00339881331567,184.4309038485742,182.9509290766347,183.00339881331567,8998178
2023-02-15,183.14024735553622,184.6834906239149,182.27247910552643,183.14024735553622,3741618
2023-02-16,184.6633470780049,186.4941659060103,184.30650370915092,184.6633470780049,3789042
2023-02-17,185.57691234861235,186.5025290327807,184.07316661824953,185.57691234861235,8201730
2023-02-20,186.14589876626763,186.73050208854056,184.3898762368431,186.14589876626763,8374208
2023-02-21,187.92443691449984,188.14559608590153,186.37460221879252,187.92443691449984,3145396
2023-02-22,187.7063895191932,188.91368001343076,186.79066033734475,187.7063895191932,8123993
2023-02-23,188.50810064352433,188.6804124848803,187.23637716205195,188.50810064352433,6920397
2023-02-24,191.20526622703892,191.2082181854637,191.11456080986358,191.20526622703892,8793086
2023-02-27,193.58444879598179,195.00188685283754,191.86697271804053,193.58444879598179,3785796
2023-02-28,194.6497938416721,195.19523694330488,193.03486802774398,194.6497938416721,6047947
2023-03-01,197.82616166944166,199.47564378919932,196.33275373623584,197.82616166944166,7669616
2023-03-02,199.90415890133596,200.1778411934438,199.39713297946483,199.90415890133596,1106378
2023-03-03,198.7536953800038,200.24203501437847,197.58068576034628,198.7536953800038,4094652
2023-03-06,198.7861689089281,199.2544798211599,198.0498517780057,198.7861689089281,1699218
2023-03-07,195.78217056504096,196.51444094314817,194.87680124622906,195.78217056504096,3287321
2023-03-08,196.87869567707062,197.24454145456292,195.92514976260543,196.87869567707062,1752502
2023-03-09,194.64402561063235,194.78511829951418,193.9398815560089,194.64402561063235,4571968
2023-03-10,194.81841858551613,195.19211071969175,193.55934826191415,194.81841858551613,2805090
2023-03-13,193.11647004817598,194.0443523165365,191.6108799820858,193.11647004817598,5297430
2023-03-14,193.83798285673893,195.55313753180667,193.03439084214173,193.83798285673893,4948414
2023-03-15,194.6850261959063,196.5225857293727,194.57481508478875,194.6850261959063,1085984
2023-03-16,197.68649336080628,199.53969535650023,196.34925344447828,197.68649336080628,1697819
2023-03-17,198.94379142746223,200.5729277884944,197.43314520993107,198.94379142746223,9210413
2023-03-20,198.61184442167803,200.4472191806897,197.39941550196636,198.61184442167803,8288115
2023-03-21,201.83145190280976,202.02332950196146,201.72331186163123,201.83145190280976,1262992
2023-03-22,200.1365826900062,200.14445773596222,199.51251826606156,200.1365826900062,4774234
2023-03-23,198.73092791135582,198.93514314940415,197.2080582231783,198.73092791135582,9485150
2023-03-24,198.75441896303707,199.23326147327853,198.44001516736495,198.75441896303707,7421836
2023-03-27,198.06903812215108,199.75011970005335,197.50021727637053,198.06903812215108,6884160
2023-03-28,199.94425856176008,201.29156315904174,199.36964100896046,199.94425856176008,3225918
2023-03-29,201.47130374702104,201.57759729578257,199.74047573739142,201.47130374702104,9264772
2023-03-30,202.99140093424376,204.39987242811745,202.68324190744912,202.99140093424376,2916430
2023-03-31,203.650133168029,204.0135488374832,202.35950327921728,203.650133168029,6234016
2023-04-03,204.27645949102745,204.56653738834748,203.12721632788845,204.27645949102745,9342297
2023-04-04,202.78990951009285,203.37572911288052,201.03187250875467,202.78990951009285,5568929
2023-04-05,203.82421359043664,204.5949462906278,202.105030336858,203.82421359043664,3283930
2023-04-06,206.71021679953884,208.38485820056857,206.6221092466036,206.71021679953884,7506840
2023-04-07,204.67300345565997,206.11227624023869,203.89780543560565,204.67300345565997,1019173
2023-04-10,204.704550883186,205.63289807790392,204.68324616395262,204.704550883186,9252611
2023-04-11,203.62676692261394,204.89898723184453,201.85122514607576,203.62676692261394,8775707
2023-04-12,203.40371890989553,203.8353466108905,201.86159404282148,203.40371890989553,7792081
2023-04-13,203.2789463667377,203.91123642122736,202.53022926054655,203.2789463667377,5965754
2023-04-14,204.98548680844942,206.01492681880728,203.26520023414415,204.98548680844942,3798432
2023-04-17,205.2390546927607,206.01492507175996,203.98371670525313,205.2390546927607,4406614
2023-04-18,206.19908982252065,207.3967182274249,205.69101660958674,206.19908982252065,2494587
2023-04-19,203.45116925781764,203.56054423705547,201.65750296616474,203.45116925781764,9543529
2023-04-20,200.48553496992358,200.79446723346828,199.29783975207638,200.48553496992358,2018024
2023-04-21,200.76082145823455,201.07150337443986,199.98387145249114,200.76082145823455,7346061
2023-04-24,201.06025791852434,201.6777629598531,200.42409813998526,201.06025791852434,4693728
2023-04-25,197.98687009145945,199.47341979179467,196.5726256288436,197.98687009145945,7322098
2023-04-26,200.6642137354849,202.42193709217156,200.02439685560284,200.6642137354849,8293529
2023-04-27,201.71667621939068,202.90731782065208,201.37966622191163,201.71667621939068,6744224
2023-04-28,204.1124490515325,204.9165103798384,203.76462692827465,204.1124490515325,8477039
2023-05-01,202.7247284036556,203.68121868261522,201.25986729004276,202.7247284036556,9234290
2023-05-02,201.72496899311315,202.9070270772413,201.1618134859961,201.72496899311315,1816568
2023-05-03,203.83193444582864,205.32121383413337,202.55755342960217,203.83193444582864,3531427
2023-05-04,203.6105337030417,205.09994887184297,203.20405473118691,203.6105337030417,3911907
2023-05-05,204.2293985073219,204.9694855809955,202.58876165149866,204.2293985073219,2987194
2023-05-08,204.4481339269171,205.0106937556806,203.95748765829725,204.4481339269171,2533390
2023-05-09,205.47905329151666,207.18827791729882,203.52296792349696,205.47905329151666,5678600
2023-05-10,206.28023187810248,207.79410065694498,204.26910766012082,206.28023187810248,7949334
2023-05-11,205.7986202158777,207.24809128759463,204.0740072815894,205.7986202158777,1803997
2023-05-12,207.06926629983457,208.49462743913924,206.18500448880076,207.06926629983457,7435282
2023-05-15,208.5590341268197,210.27309849028975,208.06523366457358,208.5590341268197,9515316
2023-05-16,209.9845097737467,210.76437345294207,209.5437102245797,209.9845097737467,9971609
2023-05-17,209.12343505716953,209.2877668043823,207.42778336882506,209.12343505716953,9110662
2023-05-18,211.63445976535874,212.24828206040678,211.17323434169592,211.63445976535874,5337386
2023-05-19,212.06490208271654,213.67922465839084,210.16974303204674,212.06490208271654,5833622
2023-05-22,214.34806410966712,214.65654297147714,212.31378472817707,214.34806410966712,6285194
2023-05-23,217.29971629573686,218.72219570187355,216.26258433187854,217.29971629573686,9535083
2023-05-24,217.6761715139186,218.10085935959066,215.96942664992474,217.6761715139186,4206509
2023-05-25,218.85732917399787,219.58158699218865,218.55988032666562,218.85732917399787,2310828
2023-05-26,221.3087915080104,222.09085028964392,219.9522398421887,221.3087915080104,4412477
2023-05-29,223.15769034186638,224.1004881070666,222.70545516972268,223.15769034186638,2821594
2023-05-30,225.26972530991887,225.36302293174364,224.48586149141994,225.26972530991887,3839778
2023-05-31,226.21908733449044,228.05089971203083,226.20952836356346,226.21908733449044,9090752
2023-06-01,228.61717453062772,230.01325693385408,227.26688390341403,228.61717453062772,4984890
2023-06-02,228.76267464192787,230.27576564259905,227.0696431370172,228.76267464192787,1202650
2023-06-05,227.78933607408177,229.6784276667547,226.44811669489226,227.78933607408177,3439479
2023-06-06,226.52458922357667,226.73548865405317,226.29231208056726,226.52458922357667,4614268
2023-06-07,228.4453920391301,228.7168213228202,226.74118429341206,228.4453920391301,2459674
2023-06-08,229.75521692090868,231.2599607922689,228.90023938353474,229.75521692090868,4640973
2023-06-09,228.9029019230514,229.22267941016807,228.80568983018594,228.9029019230514,5960247
2023-06-12,229.13065773038204,229.14098958870022,228.54426550216374,229.13065773038204,6699238
2023-06-13,232.12703306511168,234.24741553764005,230.57365133560185,232.12703306511168,2212883
2023-06-14,231.54256710279046,232.21334074816033,231.5104569418399,231.54256710279046,4615598
2023-06-15,233.71283701165305,233.98782810380138,233.03836956258553,233.71283701165305,8038164
2023-06-16,234.5856298727927,236.07907214753172,233.2995350943063,234.5856298727927,6539709
2023-06-19,235.42119366036349,236.08518498913634,234.9607716868497,235.42119366036349,3997340
2023-06-20,234.61661677649857,235.29720240127088,234.0555795094708,234.61661677649857,2670691
2023-06-21,234.13230187599424,236.04011991201392,231.79344892806427,234.13230187599424,4445428
2023-06-22,235.6858791670839,235.74567804025787,234.78786434357727,235.6858791670839,9855908
2023-06-23,236.75819909475572,237.39175963232677,235.04104326607953,236.75819909475572,8689775
2023-06-26,233.782239147767,235.2248240834882,232.5753681592609,233.782239147767,4513762
2023-06-27,234.42783031617785,236.2019634857671,232.18606074495648,234.42783031617785,6967986
2023-06-28,235.67563950553136,236.3779401960332,233.41701206815117,235.67563950553136,3883115
2023-06-29,237.1938719744319,238.90578727727925,235.8589598099944,237.1938719744319,1682724
2023-06-30,237.01381208710842,238.9632755513543,235.0911246646659,237.01381208710842,8365379
2023-07-03,236.53506693613525,238.88998380158594,234.8385860795214,236.53506693613525,7904251
2023-07-04,238.86756817533356,240.66326864209626,237.17184615990217,238.86756817533356,6486782
2023-07-05,239.16424593990305,240.51464184442386,237.0019711063735,239.16424593990305,1076394
2023-07-06,239.95488456834534,239.97632948820902,238.71218866499592,239.95488456834534,8910984
2023-07-07,240.46474730510218,241.02316827822068,239.51991523434268,240.46474730510218,3500271
2023-07-10,239.45986591299206,239.4721269636758,237.34158679746037,239.45986591299206,2153127
2023-07-11,237.81929558952436,238.391104090054,236.32639649706195,237.81929558952436,4930848
2023-07-12,237.4286965516611,237.96239525179723,236.70828351410887,237.4286965516611,6419269
2023-07-13,240.31294461134576,240.4992190684248,239.43640492878623,240.31294461134576,7560059
2023-07-14,238.4819253840168,239.3144504886506,237.3173189123281,238.4819253840168,6855607
2023-07-17,238.24957513047,239.07562437913745,236.32139590605343,238.24957513047,6779432
2023-07-18,237.8996880372544,238.605865954086,237.73318377066764,237.8996880372544,9812444
2023-07-19,237.17474051022614,238.8334844891398,235.38473408817887,237.17474051022614,2454441
2023-07-20,238.37280419995852,239.64359797731794,236.6090156961006,238.37280419995852,8358818
2023-07-21,237.7744488530087,239.2394991598006,236.2479539980085,237.7744488530087,6693298
2023-07-24,235.2925784777779,237.5957417857713,235.20812715056874,235.2925784777779,2813418
2023-07-25,238.06820242264058,238.82733532643306,236.84022096106995,238.06820242264058,5856363
2023-07-26,240.02217010281117,240.0988676103181,238.88350818642596,240.02217010281117,8548324
2023-07-27,240.7626467724639,240.9159899312862,239.10545545708558,240.7626467724639,1266372
2023-07-28,240.4126020446162,241.39963573009408,239.28139076598816,240.4126020446162,4266722
2023-07-31,240.80406956643031,240.8416499795783,238.99790081646069,240.80406956643031,7189783
2023-08-01,242.3535961482066,242.93759199990276,240.67085428328846,242.3535961482066,5311039
2023-08-02,240.1652851461694,242.1474145641682,239.16566612327873,240.1652851461694,1515657
2023-08-03,244.65994153266985,246.75007186174756,244.4178867322354,244.65994153266985,8701108
2023-08-04,241.55890679906267,242.14272245167982,239.36717960423172,241.55890679906267,2147275
2023-08-07,241.84794630939277,243.99406195265064,239.52025102933047,241.84794630939277,6415859
2023-08-08,241.57888567271078,243.73383854646275,239.4987683704604,241.57888567271078,1054346
2023-08-09,242.71203047786756,244.46875662957098,241.05972768556444,242.71203047786756,1537367
2023-08-10,244.4036477146336,244.94934741289828,242.40393276565663,244.4036477146336,3053413
2023-08-11,242.9966539481435,243.67690811109512,241.20485989943666,242.9966539481435,8611276
2023-08-14,242.52451931800726,242.95811733290128,240.23184871563842,242.52451931800726,6244884
2023-08-15,244.97870187314282,246.58640019151682,243.54560458174893,244.97870187314282,4670521
2023-08-16,243.77962577545023,245.03471633148604,241.38679037080163,243.77962577545023,2549281
2023-08-17,244.8200465902127,246.78529217885435,244.65821978159371,244.8200465902127,4145541
2023-08-18,246.28635687637663,246.980877812048,244.5957541997553,246.28635687637663,9072637
2023-08-21,250.70807306717165,252.2921848458707,249.36607182551688,250.70807306717165,1091879
2023-08-22,252.56953135667618,253.44972977498884,250.2218603936771,252.56953135667618,2801324
2023-08-23,252.39615310373873,254.0520187318476,251.56831270198785,252.39615310373873,6584958
2023-08-24,249.39794664987485,250.99219828856056,247.61256664091337,249.39794664987485,1297698
2023-08-25,250.75544837009298,251.6354708995103,248.3790677897692,250.75544837009298,1080340
2023-08-28,249.92760255131748,250.32450902751467,248.0440671527576,249.92760255131748,7396203
2023-08-29,252.47539457135412,253.23054352769492,251.84278085007392,252.47539457135412,6311165
2023-08-30,253.5392048156031,255.23484896864355,251.7133859914348,253.5392048156031,9093453
2023-08-31,255.75212256981393,255.86390354558634,254.53459582340946,255.75212256981393,3882429
2023-09-01,257.60484492525717,258.1728183409324,256.88280387731373,257.60484492525717,7794091
2023-09-04,257.45648302645236,258.2094519338896,255.4005340337919,257.45648302645236,2324074
2023-09-05,260.17665337012505,262.0179620769147,258.087521222589,260.17665337012505,5523062
2023-09-06,261.58552485429203,262.3078280075055,259.05533074242857,261.58552485429203,3285292
2023-09-07,259.58011411888515,260.2090805046496,257.93134386335714,259.58011411888515,1582143
2023-09-08,260.15130064294226,261.7744818440276,258.45162752208273,260.15130064294226,6359929
2023-09-11,262.73699517688624,263.59745577894006,260.57882342519304,262.73699517688624,9645640
2023-09-12,261.96262176590426,262.1294124196182,260.6788866556793,261.96262176590426,6731257
2023-09-13,263.50767594046965,265.0375464604252,262.7639343713789,263.50767594046965,5371136
2023-09-14,266.92138032563236,267.55944085882584,265.1909363259946,266.92138032563236,6824075
2023-09-15,264.3652239959172,264.74556947825636,264.02393632988407,264.3652239959172,6947890
2023-09-18,263.26453271118976,265.76837062206,263.0112044163426,263.26453271118976,2920470
2023-09-19,261.59042657869526,261.9722860740571,260.06060581530653,261.59042657869526,9976083
2023-09-20,261.1423907738826,261.8004261295346,260.5026667920881,261.1423907738826,6675895
2023-09-21,257.56040812292895,258.89861473462906,256.8944725363788,257.56040812292895,3092248
2023-09-22,259.2350043938586,261.0825855200962,259.17855144775143,259.2350043938586,2454467
2023-09-25,259.7110986089298,261.8147248673396,258.7407759106807,259.7110986089298,4539567
2023-09-26,260.3776594195211,262.7325534250946,259.7313386554717,260.3776594195211,4100242
2023-09-27,260.84043198520044,261.9071243640831,260.7430951843377,260.84043198520044,9997631
2023-09-28,261.4781543465717,262.9314546088385,259.1222960618539,261.4781543465717,8663473
2023-09-29,263.6007386140006,264.39040862887595,263.46545146580877,263.6007386140006,6197879
2023-10-02,265.2104282540175,266.13370036124155,263.16358990121074,265.2104282540175,5299611
2023-10-03,263.88769251905904,264.3933010726279,262.88988147461396,263.88769251905904,7396959
2023-10-04,265.37197981284095,267.90469870351797,264.7352200407434,265.37197981284095,5640149
2023-10-05,264.7527073450885,265.2586263386914,264.11993847892705,264.7527073450885,1058022
2023-10-06,261.5613674542563,263.2988880146436,259.08102164891596,261.5613674542563,8448403
2023-10-09,264.3425922413946,265.1726906051591,263.2032667000667,264.3425922413946,1833078
2023-10-10,263.2612323171958,264.4945151286176,260.76864544939644,263.2612323171958,3132544
2023-10-11,265.99150018331244,266.4045752331217,264.4070697556557,265.99150018331244,2121556
2023-10-12,264.62598420177875,265.99586330737804,263.46362408114527,264.62598420177875,6298815
2023-10-13,266.95027526975497,267.8455597522714,265.1752954474859,266.95027526975497,4783944
2023-10-16,266.0204433491168,267.969120620747,263.90285686427694,266.0204433491168,7695713
2023-10-17,265.12967648691966,265.4908413147593,265.1097932376982,265.12967648691966,4820807
2023-10-18,265.442368985592,267.4907157872233,263.3271207451135,265.442368985592,6656594
2023-10-19,266.3881701936561,268.40958088232117,264.837535582648,266.3881701936561,3802296
2023-10-20,265.80534623510584,267.96533588067933,263.9820693559874,265.80534623510584,3833224
2023-10-23,263.9662813730791,264.2504375598154,261.95548268323677,263.9662813730791,6622202
2023-10-24,264.7692150360219,265.7771012132508,264.571986590977,264.7692150360219,5179034
2023-10-25,265.9918404542962,267.21011651694056,265.1076152242668,265.9918404542962,6793901
2023-10-26,267.783681375863,270.44317219242174,266.0573857927662,267.783681375863,6226881
2023-10-27,269.94997433476584,270.333088340799,268.82761483647,269.94997433476584,6606616
2023-10-30,270.33931870761876,272.61433588041166,267.9686549058049,270.33931870761876,2385702
2023-10-31,270.7255237801845,271.3931127842939,269.24429325919505,270.7255237801845,3454701
2023-11-01,269.5323692314168,269.6991682413035,267.65412332099595,269.5323692314168,4567383
2023-11-02,270.22307695275526,272.897227711517,268.2734816935114,270.22307695275526,8890472
2023-11-03,268.57245081917154,270.4262858023958,265.9619289895929,268.57245081917154,5077973
2023-11-06,264.1085227188426,266.0383397228491,263.60457162573675,264.1085227188426,4038342
2023-11-07,265.0345119512659,267.44511695413973,263.44591400552287,265.0345119512659,2733749
2023-11-08,264.61194204595495,266.1559944593494,263.5549054362486,264.61194204595495,2472523
2023-11-09,265.3820445493873,267.2739789497831,263.8005039128184,265.3820445493873,9997531
2023-11-10,265.1083333336595,266.203709578961,264.50135608803186,265.1083333336595,7352905
2023-11-13,266.6010680292694,268.76271421880267,265.81379934568105,266.6010680292694,7803429
2023-11-14,266.78706067313993,268.51712808213165,266.2595189725858,266.78706067313993,2210178
2023-11-15,268.76792937662395,271.1100092625178,268.4891042676775,268.76792937662395,7084787
2023-11-16,269.74314638193147,271.56583893105665,268.05490978920733,269.74314638193147,7263326
2023-11-17,268.015938326445,269.8650261021921,266.4754298997277,268.015938326445,8516967
2023-11-20,266.9224221810314,269.4349503674799,266.4737006654772,266.9224221810314,4971686
2023-11-21,269.0743423819694,269.76665551919257,266.5239566013304,269.0743423819694,6400173
2023-11-22,268.463815195226,270.09954743821777,267.1194791624594,268.463815195226,4901734
2023-11-23,265.731541512902,266.9753605441802,263.5417013875732,265.731541512902,1242105
2023-11-24,270.22606383096377,270.75796353948283,270.18847835899123,270.22606383096377,9673315
2023-11-27,267.39919233325253,267.9272512406367,265.78988548704245,267.39919233325253,9163374
2023-11-28,266.6929113667197,267.4272141241322,265.59665868074114,266.6929113667197,1963469
2023-11-29,262.8469585577308,264.7884694939292,261.90338681079703,262.8469585577308,7555689
2023-11-30,268.3233439917695,268.4520785948231,266.37873119280715,268.3233439917695,3197105
2023-12-01,268.14863578370733,270.059768677515,267.9530525837628,268.14863578370733,9152337
2023-12-04,269.7712313300044,271.98482512751133,267.62072140896464,269.7712313300044,1361736
2023-12-05,270.9588864661399,271.9875238233555,270.6148838425483,270.9588864661399,2997723
2023-12-06,269.14746499322746,269.9868661554674,268.80865373658094,269.14746499322746,4058826
2023-12-07,270.5943001772759,272.77783991420296,268.679070808516,270.5943001772759,6248545
2023-12-08,271.4361844584928,274.1030712961525,269.60480575877074,271.4361844584928,5409315
2023-12-11,273.5235923548581,275.3961472236722,272.09629543766954,273.5235923548581,9184521
2023-12-12,277.28868104936817,277.71370479717444,276.78742607260523,277.28868104936817,1706726
2023-12-13,276.50310904462924,278.84346627523354,275.0135768767219,276.50310904462924,7086078
2023-12-14,280.5503247867158,282.1913196217355,278.0997022717297,280.5503247867158,5750938
2023-12-15,278.25945664403446,280.4687963597957,276.59596661609464,278.25945664403446,8936486
2023-12-18,276.60960984003174,277.11007131248175,275.81180284001226,276.60960984003174,3824775
2023-12-19,276.6299717505344,277.6175981567137,274.9961820381525,276.6299717505344,3649090
2023-12-20,275.6277509698564,275.9779524695107,274.2228001351389,275.6277509698564,9759047
2023-12-21,278.2716516217021,280.84726330563063,278.22464728629103,278.2716516217021,2079151
2023-12-22,276.2179115761375,277.00063219217054,273.71061169530395,276.2179115761375,8856512
2023-12-25,278.3798547341973,278.6690861390012,276.27574439801987,278.3798547341973,2930506
2023-12-26,275.97182000620313,276.93392291424783,275.59305238567,275.97182000620313,1917562
2023-12-27,273.9157576834666,276.2775963280188,272.0285565482649,273.9157576834666,3741201
2023-12-28,274.91136987574987,277.0286469396975,274.36307891175085,274.91136987574987,2824578
2023-12-29,276.1225848124036,278.4086205399182,274.4454976217446,276.1225848124036,7387535
2024-01-01,274.9364035617295,274.9951087177459,272.5209738695522,274.9364035617295,7186924
2024-01-02,277.5958678079708,278.10973650424955,275.64907287845665,277.5958678079708,4037669
2024-01-03,277.85236837262454,280.26807502808555,275.3727232471062,277.85236837262454,1678538
2024-01-04,278.2618788163393,278.50602557067043,277.9467853116856,278.2618788163393,3128362
2024-01-05,278.9493544238681,280.517356171367,276.55198791831185,278.9493544238681,4956458
2024-01-08,280.785750800496,281.71955014405296,280.0523481597422,280.785750800496,5446957
2024-01-09,280.78164297195076,281.16385306582674,279.5724233945075,280.78164297195076,9459932
2024-01-10,279.8976509329385,281.0408152052375,278.95674812185433,279.8976509329385,2051771
2024-01-11,284.1202245446623,285.5735119285526,282.3788508082711,284.1202245446623,6555849
2024-01-12,283.18302048066084,283.90927563441693,281.93049678486824,283.18302048066084,2060988
2024-01-15,281.71780781432335,282.60229432071736,279.9581409927264,281.71780781432335,5556407
2024-01-16,281.9823952376245,283.1611247395465,280.32028309682033,281.9823952376245,5246317
2024-01-17,284.5301450607741,286.12100039157883,282.77867247258956,284.5301450607741,4085103
2024-01-18,281.0397477344485,282.5635123322099,280.0310692582606,281.0397477344485,8373338
2024-01-19,282.5139541814635,284.36179955056843,279.9850087258129,282.5139541814635,2941595
2024-01-22,282.6563184896769,282.73892268113553,282.44984455441613,282.6563184896769,3076924
2024-01-23,283.50175171740074,285.255979062915,283.1802265420175,283.50175171740074,6990386
2024-01-24,286.17366465040146,286.9079976073267,284.983731424966,286.17366465040146,6041239
2024-01-25,283.4661317133711,285.0796199541795,283.20059731178213,283.4661317133711,3663789
2024-01-26,283.1354606637489,285.6858499724877,280.39801625907734,283.1354606637489,8132038
2024-01-29,282.9243471153845,284.98498790273635,281.04714030896815,282.9243471153845,4430111
2024-01-30,280.638729062341,280.67763656269545,279.89343323716,280.638729062341,2970985
2024-01-31,280.4879912753313,281.0420991213986,279.8022692770561,280.4879912753313,4883992
2024-02-01,277.5186572109485,279.528155989746,276.15918371368866,277.5186572109485,4484348
2024-02-02,278.8111225521385,278.9927686440636,276.4806979782294,278.8111225521385,5031190
2024-02-05,279.1276804402757,279.9348064988418,276.385307176658,279.1276804402757,6850623
2024-02-06,279.561308317154,280.1688275505745,278.85763179339637,279.561308317154,8068902
2024-02-07,276.28182668749616,278.0966697005731,274.9027605471024,276.28182668749616,7104699
2024-02-08,276.7452904951184,277.73354774165466,275.478881666589,276.7452904951184,6843448
2024-02-09,277.8160677402144,278.7751161742785,277.5226374905064,277.8160677402144,5725281
2024-02-12,275.76696813933023,275.8797424251163,274.821538130235,275.76696813933023,7264765
2024-02-13,272.7111739091484,273.5388153208939,271.0963695569063,272.7111739091484,1047830
2024-02-14,271.34806382772575,273.61937797118117,271.1336057393571,271.34806382772575,1078812
2024-02-15,268.4044232482854,270.18929354218074,265.9835588506728,268.4044232482854,6971555
2024-02-16,268.12475220578096,269.92320220939024,267.3108749120575,268.12475220578096,4361912
2024-02-19,268.8838671057131,269.1440442727603,268.3717911391177,268.8838671057131,2195163
2024-02-20,267.2180319173683,267.87966544567075,265.7962062355418,267.2180319173683,7787903
2024-02-21,267.4721851800851,269.31322592757215,266.23340161039886,267.4721851800851,3461641
2024-02-22,269.97894789123546,270.16828593305536,267.53076999093247,269.97894789123546,9480401
2024-02-23,271.42050368631965,273.46071332797834,271.1313124891594,271.42050368631965,2058684
2024-02-26,269.7130202164994,271.21394013685966,267.6549831924264,269.7130202164994,6375517
2024-02-27,267.83479606267196,268.5632153285388,266.49870322794743,267.83479606267196,3638148
2024-02-28,268.483070071564,268.59871616874693,266.2051377374542,268.483070071564,7867406
2024-02-29,267.823607722543,270.19704734913716,267.78075481372906,267.823607722543,1850132
2024-03-01,264.3961119543706,264.97336213923387,264.1298331608924,264.3961119543706,3180454
2024-03-04,264.61582816465545,266.40663849958867,262.36738150525497,264.61582816465545,9952547
2024-03-05,265.3342111343562,265.6655275102319,264.04022205735964,265.3342111343562,8433092
2024-03-06,266.387875527348,267.15233215544896,264.0415223251698,266.387875527348,4022927
2024-03-07,269.3046443113472,269.4664385468531,267.3643232531005,269.3046443113472,5620724
2024-03-08,268.063050563195,270.45369313429865,266.5888700005544,268.063050563195,1674721
2024-03-11,267.81402656963184,269.13877347224957,267.7953547454757,267.81402656963184,7582635
2024-03-12,268.78293559084455,270.80082568250674,267.2131771214181,268.78293559084455,7549317
2024-03-13,269.8928671174383,271.43639045059996,268.9566297737942,269.8928671174383,1505794
2024-03-14,272.98818536747274,274.8443613264968,272.49493898116395,272.98818536747274,9803249
2024-03-15,272.2299268319312,274.83556773196915,271.0647376606647,272.2299268319312,5598653
2024-03-18,274.89032438876296,277.42178357659446,273.70261814970013,274.89032438876296,4395521
2024-03-19,274.5835920464954,275.6716815777599,272.36417428387625,274.5835920464954,6292106
2024-03-20,274.38165083781365,275.9844997361933,274.3140194450957,274.38165083781365,6722309
2024-03-21,272.5724289209757,275.0917174751798,270.83625032766133,272.5724289209757,2844760
2024-03-22,271.5833075697695,271.82885052533993,269.88226449006066,271.5833075697695,3832489
2024-03-25,270.5734164299836,272.1584796959986,268.5831901987303,270.5734164299836,8281811
2024-03-26,268.32196689313093,268.36314709953143,266.02537479909347,268.32196689313093,8566114
2024-03-27,270.1972517844866,270.55402134694884,269.8423103279485,270.1972517844866,1646448
2024-03-28,271.6641723709083,271.6779280180511,270.55012085062475,271.6641723709083,1046430
2024-03-29,270.97662438170585,271.83779932133496,268.4757618072693,270.97662438170585,7209562
2024-04-01,271.879160887556,273.3864798628543,270.296394446322,271.879160887556,2984761
2024-04-02,272.5342230090023,272.97554293579816,270.4215028711184,272.5342230090023,5404002
2024-04-03,272.6020894211251,274.2882922346714,270.6665868181205,272.6020894211251,4178511
2024-04-04,270.6407118968624,272.53195236754823,268.11493965404253,270.6407118968624,9877669
2024-04-05,272.57666093844267,274.78475444478414,272.02867518240464,272.57666093844267,3295442
2024-04-08,275.5292908908814,278.1406289862753,274.6414276614317,275.5292908908814,7927296
2024-04-09,278.12417959067506,279.8338877475565,277.48509261796,278.12417959067506,1684465
2024-04-10,275.5099724754105,278.26391936051243,272.84288314598257,275.5099724754105,3089863
2024-04-11,276.0603114845727,278.3223818909239,275.40268492306865,276.0603114845727,6755129
2024-04-12,275.7759106242377,275.9961516376381,273.7021532545109,275.7759106242377,3821583
2024-04-15,280.2244495473448,282.70523177622687,278.3327243323156,280.2244495473448,7439318
2024-04-16,281.8044181315239,282.0869820895174,279.1435895037827,281.8044181315239,4380933
2024-04-17,281.83374829133965,282.8156108009571,279.3374275266693,281.83374829133965,9544736
2024-04-18,280.5187071098829,281.6621801990229,280.5019750386427,280.5187071098829,1813444
2024-04-19,282.2773911762086,284.68259885588265,281.9371500813481,282.2773911762086,9205906
2024-04-22,281.2515822394426,282.8904944885441,279.1438212113721,281.2515822394426,7982276
2024-04-23,282.6976492783918,284.3113656097305,281.53502700043504,282.6976492783918,1496849
2024-04-24,282.8303432320089,283.656468830169,281.0051874106485,282.8303432320089,4645849
2024-04-25,281.341316145502,282.7526534892603,280.838249273416,281.341316145502,3779828
2024-04-26,278.5156802471549,279.63558381328664,278.3106172192609,278.5156802471549,7347265
2024-04-29,280.8941129089851,283.2802791658159,278.41737317876357,280.8941129089851,8611160
2024-04-30,278.35111950347425,278.7767080878661,278.2196524803127,278.35111950347425,8131756
2024-05-01,278.49119833108045,280.9674330163302,277.4539635087253,278.49119833108045,9658681
2024-05-02,277.78344468187066,279.1162979109346,275.2920915744605,277.78344468187066,9507000
2024-05-03,275.85952498082673,277.6711461624725,274.1087311053697,275.85952498082673,7132648
2024-05-06,273.4087028137269,273.9580284842759,270.9045938719777,273.4087028137269,2845804
2024-05-07,273.20188347905264,275.60620351283916,272.4481064096163,273.20188347905264,5622208
2024-05-08,275.6277778427908,276.78065463376697,274.47244846607254,275.6277778427908,7607295
2024-05-09,274.1219606714468,276.3326248030456,272.74685404040486,274.1219606714468,2223883
2024-05-10,273.5512829010039,274.95327312538694,272.46093028647135,273.5512829010039,2115703
2024-05-13,274.243311684606,275.79546061735283,273.16961237794027,274.243311684606,8272394
2024-05-14,273.33545793131407,275.77049144800674,271.8001265741095,273.33545793131407,9452949
2024-05-15,270.9420810533943,273.6160925609243,270.26705767537464,270.9420810533943,6221260
2024-05-16,271.47326045928037,273.08122481166856,271.3620070645699,271.47326045928037,3503581
2024-05-17,272.95195414939457,274.4060100133749,271.9467017413826,272.95195414939457,5070289
2024-05-20,274.90961734440396,275.50595393514425,272.25494355175584,274.90961734440396,7634175
2024-05-21,271.79145275947997,273.9356474864417,269.5422176990821,271.79145275947997,9815846
2024-05-22,271.97713357603124,272.9018945897342,271.5826778522159,271.97713357603124,7840213
2024-05-23,266.68067655778367,268.24503051710366,264.7553789125991,266.68067655778367,6485600
2024-05-24,270.27629487716445,272.3617396146362,268.9969916598277,270.27629487716445,1912677
2024-05-27,273.38305996862584,275.64562312674695,270.7791440103368,273.38305996862584,9466965
2024-05-28,273.96781079239713,274.7811227026421,273.56894319411697,273.96781079239713,2385158
2024-05-29,275.9093894814604,278.5691058363927,273.31838116416003,275.9093894814604,6783313
2024-05-30,275.3609634314673,275.62850228693975,274.03718684812014,275.3609634314673,8269334
2024-05-31,273.8852620878279,275.450165581025,272.8286946396946,273.8852620878279,5831244
2024-06-03,268.8266440315972,270.00969359794766,268.393776451634,268.8266440315972,7599812
2024-06-04,271.5232578806516,271.6291812853141,270.31485569255506,271.5232578806516,9066745
2024-06-05,271.8307176718697,272.5660017678866,269.9101028844302,271.8307176718697,2757968
2024-06-06,275.53550347913693,276.81952686084895,275.1842374306679,275.53550347913693,8993245
2024-06-07,274.53137288508105,275.5640967588832,272.8257109671275,274.53137288508105,3335630
2024-06-10,271.15337463139866,272.079162587177,271.1244145908188,271.15337463139866,2571537
2024-06-11,270.11388340866813,270.9863538719879,268.3684262533495,270.11388340866813,5593040
2024-06-12,265.5132803466189,266.18682306286894,264.7259433532645,265.5132803466189,2179083
2024-06-13,268.516138640375,270.84872842084616,266.7163021243693,268.516138640375,1669252
2024-06-14,267.4143706471338,269.91556703903825,265.4708702552697,267.4143706471338,4974343
2024-06-17,267.65505619033235,268.4754809945679,266.187960820432,267.65505619033235,2206498
2024-06-18,270.16904102173953,270.51800260117085,267.79804368408276,270.16904102173953,2808309
2024-06-19,267.54124574298623,268.8468796965197,267.42984839002725,267.54124574298623,5724363
2024-06-20,267.06320564393053,268.67559979494223,266.96979942096425,267.06320564393053,7296804
2024-06-21,269.3052400482182,271.0929427807676,267.32801015427845,269.3052400482182,9953446
2024-06-24,266.52065209951934,267.3506236046436,265.01954483690605,266.52065209951934,8513717
2024-06-25,267.40538729112274,268.2173925375587,266.6885398455681,267.40538729112274,4531579
2024-06-26,265.9902616227391,266.34234527640353,264.81555989436646,265.9902616227391,8817736
2024-06-27,267.0571859518543,268.70231199480344,264.6956870319028,267.0571859518543,7945235
2024-06-28,270.6071229954208,271.47585176959717,268.65294451859256,270.6071229954208,5259057
2024-07-01,274.57331954395244,276.278744247901,273.6251223701963,274.57331954395244,8376046
2024-07-02,274.39078224429176,274.42699526616576,273.3922889673943,274.39078224429176,1778898
2024-07-03,275.5810557052501,277.21742428926376,273.92378283671343,275.5810557052501,5232215
2024-07-04,277.0555751421886,278.96022377855485,274.62600612410637,277.0555751421886,4812746
2024-07-05,278.3573219674264,280.3086767068464,277.423360868789,278.3573219674264,7955102
2024-07-08,279.6986663956744,281.54963576531924,277.6512601727893,279.6986663956744,9309011
2024-07-09,277.0868976924333,278.87412612832566,277.0624002405837,277.0868976924333,9420958
2024-07-10,279.33527080503444,282.0573944019452,277.1429427578356,279.33527080503444,2322412
2024-07-11,278.61562429491306,280.9873489929266,276.41605744476476,278.61562429491306,3847998
2024-07-12,275.20534698811787,277.40301071463057,273.76894628164456,275.20534698811787,5771321
2024-07-15,271.84595270693967,273.6081210625408,271.6796941920705,271.84595270693967,4583146
2024-07-16,272.0394954064751,272.7584997340172,271.79735408681694,272.0394954064751,8000308
2024-07-17,272.05131677112337,272.4147494659393,271.3368615407784,272.05131677112337,9292333
2024-07-18,272.1698584380735,274.1689704840051,271.94583231917477,272.1698584380735,1594505
2024-07-19,272.01858068646084,272.98372373733423,270.391422822747,272.01858068646084,8619015
2024-07-22,272.0441494214564,272.15758752753754,271.32540842178537,272.0441494214564,8333754
2024-07-23,267.5453361969071,268.04603346899563,266.13466317424917,267.5453361969071,7131918
2024-07-24,268.64254676472234,270.6817011421054,266.07559691530986,268.64254676472234,1884374
2024-07-25,266.4998312151463,267.70990098101294,264.10121800794093,266.4998312151463,7952094
2024-07-26,271.4985180461074,272.36695871672856,269.9152435143101,271.4985180461074,4223704
2024-07-29,272.7277577960246,275.3416245848846,271.1540263520244,272.7277577960246,2490160
2024-07-30,269.6381900019817,271.9157521207364,269.3735717985537,269.6381900019817,5509308
2024-07-31,267.3479505155914,269.54437680687226,265.1829491610415,267.3479505155914,8602928
2024-08-01,267.6222050770332,268.76315445065893,266.8869505794188,267.6222050770332,9180708
2024-08-02,268.0086470644511,269.25070266134236,267.91752270227346,268.0086470644511,8980133
2024-08-05,269.6063967030617,271.34446262357125,267.11961957191266,269.6063967030617,4134168
2024-08-06,268.6481782160095,268.8715520658395,266.3004321372298,268.6481782160095,6270675
2024-08-07,265.3378012877592,265.54244928850034,263.094834652716,265.3378012877592,6551772
2024-08-08,265.5167614430129,266.7299451624565,264.0185652907156,265.5167614430129,2536702
2024-08-09,264.1888064675644,264.4331903253582,262.4603507258033,264.1888064675644,4400134
2024-08-12,264.4538020079791,266.48254544889005,262.29167451373854,264.4538020079791,1874911
2024-08-13,265.9735742575164,266.9897240013622,265.339714884895,265.9735742575164,6257171
2024-08-14,264.7374254268725,265.345145932294,264.2058498592113,264.7374254268725,1697219
2024-08-15,267.2348064464092,269.13319800245165,264.74314720443664,267.2348064464092,8195756
2024-08-16,268.8324738356648,269.9980560689261,266.7701948233797,268.8324738356648,4997611
2024-08-19,265.55742334987764,266.4643126637945,264.2728122100855,265.55742334987764,9485582
2024-08-20,266.2260230414123,267.34105066063745,264.34321385637384,266.2260230414123,6716679
2024-08-21,266.0060220604,267.1155522788526,264.01450941027116,266.0060220604,9548987
2024-08-22,264.34426484757904,265.7741935214443,264.10487400464035,264.34426484757904,5924772
2024-08-23,267.6655151874023,269.50408200135377,267.10816333101553,267.6655151874023,6654201
2024-08-26,270.7361253968764,272.8644599442307,268.3349392539868,270.7361253968764,4965818
2024-08-27,267.28826519590535,268.73591877012575,265.2193171826473,267.28826519590535,9787588
2024-08-28,267.4848702770187,269.55349689416335,265.58265690412594,267.4848702770187,1143286
2024-08-29,266.5442473831027,267.0435960726377,264.91782024712217,266.5442473831027,4327942
2024-08-30,264.6537214646881,266.8682559053011,263.5339075396942,264.6537214646881,7109622
2024-09-02,271.1722761988288,273.5212511508047,269.74628616131577,271.1722761988288,1168925
2024-09-03,271.7369473432753,272.2141834870375,270.991902735248,271.7369473432753,1864826
2024-09-04,269.48591490602536,271.22108400266836,267.09854673359735,269.48591490602536,1241796
2024-09-05,270.91639606694343,271.2921848187724,270.88770086426746,270.91639606694343,9073802
2024-09-06,272.1957126446931,274.1710357453236,272.0300896737183,272.1957126446931,9305503
2024-09-09,270.45228127806394,272.62364582964216,268.34158602262556,270.45228127806394,7678114
2024-09-10,270.0440042982713,270.8170096939978,268.02244208730633,270.0440042982713,2596025
2024-09-11,272.52581984193694,273.4800555609243,271.38051002143555,272.52581984193694,2200285
2024-09-12,271.6768910409293,273.7425490953916,269.2189083251532,271.6768910409293,8319082
2024-09-13,270.77871735598194,272.6982825604871,270.23774644519233,270.77871735598194,5731984
2024-09-16,270.3730108876418,271.9485565481827,268.8996939657593,270.3730108876418,9843739
2024-09-17,268.99795505739104,269.2165449491651,268.7382316089967,268.99795505739104,5761803
2024-09-18,275.4260321481666,277.23261877374955,272.6859788079418,275.4260321481666,8162251
2024-09-19,273.8934337499807,275.07165703628147,271.9858124746358,273.8934337499807,7715185
2024-09-20,274.1890542033449,275.0357677496431,272.2625178323816,274.1890542033449,9101250
2024-09-23,273.3950861022847,273.5942721327926,273.0963797786377,273.3950861022847,5435497
2024-09-24,274.77613044297334,276.5406124841132,274.0106281417987,274.77613044297334,2341783
2024-09-25,275.9431329017201,276.56653912670885,274.2146563120019,275.9431329017201,7171253
2024-09-26,278.3248457974174,279.73020580818996,277.8448106817932,278.3248457974174,9129699
2024-09-27,278.2355173527487,279.60213093473715,275.55871062689164,278.2355173527487,1248137
2024-09-30,280.13406043898885,280.70059047018907,277.9637974295669,280.13406043898885,8627612
2024-10-01,281.69190136710415,282.94466734417665,281.6180342384803,281.69190136710415,9042233
2024-10-02,282.7342412087192,283.6974922364802,280.61997534810865,282.7342412087192,1381592
2024-10-03,283.50056805744697,285.9763718140269,283.1843053111223,283.50056805744697,6795514
2024-10-04,288.0813711459008,290.27174653416364,285.8655834440296,288.0813711459008,7998746
2024-10-07,287.76740370312865,290.33674586617025,286.5473699256666,287.76740370312865,3395413
2024-10-08,287.02748408706293,287.939269910378,287.0059008304538,287.02748408706293,5139283
2024-10-09,282.04651619436703,283.42971861245115,280.2249883445394,282.04651619436703,9439928
2024-10-10,282.536344431394,285.13474582213297,281.85145461122517,282.536344431394,7439220
2024-10-11,281.82701476499903,283.53778412607414,281.3925440456775,281.82701476499903,7889559
2024-10-14,278.7737083710349,280.2786318903922,278.0968892985714,278.7737083710349,8980523
2024-10-15,279.56783548620206,279.66316825626876,277.4471602675111,279.56783548620206,9688178
2024-10-16,276.9672431363973,278.22102144234316,276.33102336710414,276.9672431363973,6060374
2024-10-17,274.5969717594391,276.025590309683,273.7276012537914,274.5969717594391,1997163
2024-10-18,276.75851570170533,279.22681268918546,274.2137447330901,276.75851570170533,7279794
2024-10-21,277.9624245554839,280.62972824834213,275.8698601603949,277.9624245554839,4374125
2024-10-22,276.1713456897374,277.23654331664056,273.7845672665375,276.1713456897374,4044343
2024-10-23,275.2173519527322,276.286373343561,274.2983710501859,275.2173519527322,5491797
2024-10-24,276.0788262659707,276.28908440412596,276.04538470794273,276.0788262659707,9591460
2024-10-25,273.5476251560635,274.45158803086713,272.18386969399893,273.5476251560635,7761849
2024-10-28,271.7170794375768,272.4873455377246,271.58433099648084,271.7170794375768,6792916
2024-10-29,272.0533638894901,272.523349396736,270.9319933650565,272.0533638894901,9514249
2024-10-30,270.60865693525693,271.245244036135,268.61397523475176,270.60865693525693,5970297
2024-10-31,270.20600791550095,270.5239330470347,268.06388791105195,270.20600791550095,2680815
2024-11-01,275.7149995316623,275.96954063052146,274.3969233632905,275.7149995316623,6128860
2024-11-04,278.1314805097861,278.9727640553943,275.5335286447934,278.1314805097861,8229860
2024-11-05,280.278860702238,280.4780908709544,277.9576728337336,280.278860702238,2575202
2024-11-06,279.44348512546804,279.7204340120196,277.4970216743378,279.44348512546804,4743678
2024-11-07,278.6445182389243,281.3679811152444,278.6334003580921,278.6445182389243,7711761
2024-11-08,281.06346225226366,283.04834173570055,278.6676016623157,281.06346225226366,6544349
2024-11-11,279.74275046679065,279.976352151442,277.4883229966063,279.74275046679065,4704085
2024-11-12,276.2981103862522,277.23138294284746,275.71115414204525,276.2981103862522,3465238
2024-11-13,273.9361449509951,275.9799060289735,271.43863615282686,273.9361449509951,3963425
2024-11-14,271.1373076523522,271.84052753138155,268.49642191652015,271.1373076523522,8245396
2024-11-15,267.323998702846,268.84023579717837,265.13007303771093,267.323998702846,9377169
2024-11-18,265.05892423046436,266.9314811027293,263.4235262898895,265.05892423046436,4338787
2024-11-19,265.5963695235679,267.3527197280269,263.3918630430488,265.5963695235679,6562941
2024-11-20,269.02908564709446,269.7858886139107,266.73198902175784,269.02908564709446,8238186
2024-11-21,272.95432364801184,273.40969756205385,270.9895538193687,272.95432364801184,4771936
2024-11-22,275.47316492758785,277.6121177563162,273.815112539822,275.47316492758785,3867264
2024-11-25,268.8991619964756,271.3891032721784,266.50706131709677,268.8991619964756,3269941
2024-11-26,271.3821933864289,271.5286226924907,270.67503652383,271.3821933864289,9551868
2024-11-27,270.5993188486633,272.4991414452414,269.2390322837433,270.5993188486633,6987587
2024-11-28,270.4650747573694,272.1414816152819,269.6114672879445,270.4650747573694,6105514
2024-11-29,269.77313246105325,270.06968034917674,267.3072659257888,269.77313246105325,6457192
2024-12-02,267.63447667294724,268.9561311973797,265.3606012773303,267.63447667294724,9820016
2024-12-03,268.1907131799927,268.20395561025,267.66079952734634,268.1907131799927,1672716
2024-12-04,271.95262085896405,273.01790503862645,271.14530414906716,271.95262085896405,6877158
2024-12-05,270.6047410159011,271.2926859466428,269.4800792029234,270.6047410159011,5213310
2024-12-06,268.47514840980546,269.9310771351704,267.2273894889287,268.47514840980546,3342041
2024-12-09,269.05222478897053,271.17582115044974,268.6196907793046,269.05222478897053,7856974
2024-12-10,271.84995732932225,274.4446188777803,269.2370492735634,271.84995732932225,5629485
2024-12-11,271.0148031630723,271.9885301652972,269.55168369563944,271.0148031630723,1906850
2024-12-12,269.6404390805744,271.3651672394334,267.8297473969154,269.6404390805744,8108867
2024-12-13,272.09930616436446,272.4986498442865,271.5182256942326,272.09930616436446,6810600
2024-12-16,269.33900495482686,271.4721710092746,267.1012323066917,269.33900495482686,8146293
2024-12-17,269.6472003729335,272.06938758438355,267.53377414277645,269.6472003729335,1128682
2024-12-18,270.8201279297128,271.2330030209772,268.662581172786,270.8201279297128,9721024
2024-12-19,269.29975459481693,270.0460861856859,268.74256286069607,269.29975459481693,7272814
2024-12-20,270.1943239761912,270.5008370294043,269.0060178731724,270.1943239761912,3766879
2024-12-23,271.35473561987845,271.64923534423923,271.2283048637032,271.35473561987845,7865010
2024-12-24,268.9915205916956,270.0503072115981,267.6311156609046,268.9915205916956,9550088
2024-12-25,266.92489296874186,267.57169304115604,266.27022020090465,266.92489296874186,6329826
2024-12-26,266.520498295528,266.59737481015486,266.18348144621433,266.520498295528,7792595
2024-12-27,263.0444665714191,264.5435751297302,262.7150786537479,263.0444665714191,4693899
2024-12-30,263.04746321733285,264.7841631759566,262.4291388847596,263.04746321733285,2768873
2024-12-31,260.71970072080774,260.93763795882273,260.2388022464754,260.71970072080774,9983199
2025-01-01,260.8867982302619,263.18068846811434,260.2334462890349,260.8867982302619,6613502
2025-01-02,263.7840498671777,264.44946975404906,263.343765215413,263.7840498671777,3990355
2025-01-03,262.2992077841682,264.70480009780664,260.7361424804727,262.2992077841682,6224460
2025-01-06,259.8254229832165,261.22993414610386,258.72481224407136,259.8254229832165,4979236
2025-01-07,261.25398454821186,262.2237356098236,259.7071594073147,261.25398454821186,9951059
2025-01-08,263.39045751830537,263.5105360351361,262.4133723386421,263.39045751830537,8425825
2025-01-09,261.5504593292191,263.3550091161002,259.5800411522087,261.5504593292191,6573432
2025-01-10,259.2323652431429,261.20192607469477,257.69181255079405,259.2323652431429,5286645
2025-01-13,259.30234175647917,261.56079934077445,257.72274125994096,259.30234175647917,7535170
2025-01-14,254.63855845009866,254.78664229820265,252.6605764380983,254.63855845009866,9648011
2025-01-15,255.90175257412778,258.2866655632192,253.60988085895613,255.90175257412778,5608610
2025-01-16,258.5913695108463,258.99727238408,256.86575852673667,258.5913695108463,7312160
2025-01-17,257.8634329710209,259.5984672883608,256.67750591608507,257.8634329710209,1852416
2025-01-20,257.2121047246837,258.7684915521543,255.42600725753175,257.2121047246837,2153202
2025-01-21,255.66477951295488,256.47682952681845,253.25628637421815,255.66477951295488,5630090
2025-01-22,254.27456807835114,254.30876222133406,254.22536352965565,254.27456807835114,5516809
2025-01-23,253.41876872343892,254.01389932651915,251.87953373937228,253.41876872343892,6736208
2025-01-24,250.51019629940595,252.33810558178914,249.9343770945721,250.51019629940595,8955191
2025-01-27,249.78801585130972,251.7554921721623,249.1944328396478,249.78801585130972,3285006
2025-01-28,248.09015900369488,248.4913063956059,246.55764727594828,248.09015900369488,3462844
2025-01-29,249.39165399411695,250.09225043394898,248.05043648161336,249.39165399411695,8783014
2025-01-30,249.77356003282284,250.1286315129747,249.6679290501579,249.77356003282284,7896135
2025-01-31,250.14530975499974,251.58492350436563,247.79724677574254,250.14530975499974,3966197
2025-02-03,250.87942496566106,252.74171330367804,248.93206257302427,250.87942496566106,5683665
2025-02-04,252.95764198145528,254.0255760139799,252.7587759135847,252.95764198145528,7073066
2025-02-05,255.04337282780435,256.29251085525283,253.90328349371651,255.04337282780435,8376934
2025-02-06,252.91860738136788,254.1075801758117,250.70105261790505,252.91860738136788,6900587
2025-02-07,250.80037291861294,251.99311846441512,250.00273641222657,250.80037291861294,1529485
2025-02-10,250.17140773062243,251.2488288635921,248.27167016031612,250.17140773062243,3260819
2025-02-11,249.79208414418582,249.96396433618557,248.50702648003372,249.79208414418582,8819840
2025-02-12,251.21827818895764,253.6662336484418,250.427605695593,251.21827818895764,3388821
2025-02-13,250.45860329428575,251.90748547620618,248.38978204432703,250.45860329428575,7133455
2025-02-14,246.16846828268754,246.3445406751077,245.54399636863212,246.16846828268754,9596692
2025-02-17,250.9118218561597,252.40987691541525,248.7206375191527,250.9118218561597,2442899
2025-02-18,248.8996469189154,250.05985129806245,246.461428594205,248.8996469189154,4583727
2025-02-19,252.57005585213614,254.23754286738725,252.29563066638394,252.57005585213614,8081779
2025-02-20,248.43630916894045,248.58362426476182,246.18632596492623,248.43630916894045,7684467
2025-02-21,250.8001212949992,252.5398751699909,250.19120156654418,250.8001212949992,2254832
2025-02-24,250.5984897953494,252.31467787577998,250.5900185227946,250.5984897953494,5142568
2025-02-25,247.80160272830446,249.58760154671964,246.98701604711275,247.80160272830446,9056661
2025-02-26,247.8302346264663,249.6094425003891,247.48602483359952,247.8302346264663,7033686
2025-02-27,246.51105858932988,248.518349849091,245.0766193563308,246.51105858932988,5789077
2025-02-28,249.30105816787332,251.4671045724703,248.5093042544948,249.30105816787332,5592177
2025-03-03,249.58280402066353,250.51970644215822,248.05933116135748,249.58280402066353,9791028
2025-03-04,249.6946253259011,250.94481451771998,248.05955168428827,249.6946253259011,9599054
2025-03-05,249.99780603246649,250.3306169603063,248.8124555392362,249.99780603246649,4574869
2025-03-06,249.9673104459776,250.59461425383225,249.2932022707637,249.9673104459776,8622261
2025-03-07,250.6549927322507,251.5134646198089,249.51746635293645,250.6549927322507,4287933
2025-03-10,254.20506284552667,256.4178678346006,252.11776038956003,254.20506284552667,8611120
2025-03-11,254.26751196783374,256.6282059116689,252.87962744824856,254.26751196783374,2521178
2025-03-12,250.6317403040124,251.12905495589865,248.2206827583494,250.6317403040124,5459157
2025-03-13,250.55240145344743,252.7167700902345,250.40915115002966,250.55240145344743,9964835
2025-03-14,250.07173187562088,250.1897370314189,247.99143392876297,250.07173187562088,5101427
2025-03-17,247.65794988693256,248.65602496180873,245.4102364765562,247.65794988693256,2197957
2025-03-18,248.91238017516918,250.03208490314148,248.84921597791353,248.91238017516918,7737110
2025-03-19,250.1387294468156,252.4604411806326,249.1181097672104,250.1387294468156,9317139
2025-03-20,251.3578770951891,252.66183820619779,251.145041530456,251.3578770951891,9426196
2025-03-21,251.47081669554635,252.84447368090332,250.0583280350029,251.47081669554635,7514781
2025-03-24,252.9190903426751,254.72815303015796,252.26029986058901,252.9190903426751,5080840
2025-03-25,251.18814921739255,253.49218770180727,249.02690274967492,251.18814921739255,3553809
2025-03-26,256.1852377159528,256.30299367049247,254.4316868891582,256.1852377159528,3460069
2025-03-27,253.86660938007662,254.3163235448901,252.177029494784,253.86660938007662,4722258
2025-03-28,252.17243246742953,253.3631076033674,250.80417018912632,252.17243246742953,4996994
2025-03-31,250.10079094719916,250.4849130278956,247.73720311404142,250.10079094719916,6518764
2025-04-01,250.95149077747612,251.25590180927094,248.9595255556977,250.95149077747612,9027837
2025-04-02,247.06638977581096,247.7477579423454,246.08823800804927,247.06638977581096,6077149
2025-04-03,247.2253143798944,249.48075884729744,246.75206375393915,247.2253143798944,8093509
2025-04-04,247.76100294499716,249.65398837328217,247.31180748224733,247.76100294499716,6719932
2025-04-07,244.71786602487938,245.9820622569718,243.29285625261596,244.71786602487938,3302407
2025-04-08,247.1992983199805,249.52205504640114,247.06082299126624,247.1992983199805,5760270
2025-04-09,242.388699781069,243.44318466210055,240.91407595361096,242.388699781069,7178345
2025-04-10,244.89762455460684,246.66830342347328,243.81484304472104,244.89762455460684,7579635
2025-04-11,244.7194825876136,245.19954251853932,243.369377702139,244.7194825876136,6986721
2025-04-14,242.11722976772037,242.18029628433123,241.84620789488457,242.11722976772037,4759196
2025-04-15,244.9493745939645,245.51212609051066,244.26364358488692,244.9493745939645,4283573
2025-04-16,246.97862422198105,247.15126584937715,246.14650140161385,246.97862422198105,7002825
2025-04-17,246.64485684720597,248.22053072016465,246.0028448123295,246.64485684720597,6012942
2025-04-18,248.7500131345677,250.06246385090344,247.56161328876092,248.7500131345677,5790660
2025-04-21,248.95345254443342,251.3849188820394,247.17613016498,248.95345254443342,5794027
2025-04-22,251.52858390706663,252.145262266904,249.32597114967677,251.52858390706663,4663000
2025-04-23,252.91746916971385,255.0302103407088,252.59605561049642,252.91746916971385,4670298
2025-04-24,249.9662866881991,252.21740442078695,249.68097879414157,249.9662866881991,6632527
2025-04-25,253.67356312665424,255.54406116530373,251.8127245690599,253.67356312665424,3796356
2025-04-28,252.30353926721799,252.54502524212015,252.0192627520023,252.30353926721799,6225664
2025-04-29,249.6192978865945,250.28103217882253,248.56181301624852,249.6192978865945,9874378
2025-04-30,251.64807312157032,254.15707867020998,249.16372874322548,251.64807312157032,9715505
2025-05-01,252.49300173392695,254.6154326567123,250.68919374389438,252.49300173392695,8095976
2025-05-02,251.82908672037877,253.10448176460272,251.77540631172587,251.82908672037877,3373277
2025-05-05,250.55070629415627,252.73018246850765,249.5838797391707,250.55070629415627,3573592
2025-05-06,251.82574381591033,252.10739867368198,251.10312460156933,251.82574381591033,8328732
2025-05-07,249.5695223890079,251.26468934040892,248.82466121261325,249.5695223890079,9992084
2025-05-08,252.14885464995484,253.11229406562455,251.1429703885029,252.14885464995484,8325567
2025-05-09,250.31772191487937,252.26899927731765,248.09911060413,250.31772191487937,7542140
2025-05-12,251.27822018488993,251.70336897093682,250.1049595175872,251.27822018488993,2820389
2025-05-13,249.395083982547,249.90790460639406,247.34286827868112,249.395083982547,7956928
2025-05-14,248.33046317491954,249.6592461467772,248.31890328295754,248.33046317491954,2962410
2025-05-15,248.96527634312756,249.0206627007626,248.9262179460789,248.96527634312756,6818665
2025-05-16,248.17871214845954,248.84543212654543,247.9327092114057,248.17871214845954,4339043
2025-05-19,249.5317828712325,251.09163336175212,247.34668742593004,249.5317828712325,2942338
2025-05-20,245.90579673857857,246.3313086099711,244.5050721942647,245.90579673857857,3192421
2025-05-21,245.58484232721884,247.5846090731485,244.17574182014275,245.58484232721884,7736940
2025-05-22,247.24276366777042,249.48348995829716,245.1891474291738,247.24276366777042,9397412
2025-05-23,248.8381723044733,250.26834040792124,248.2965898569798,248.8381723044733,9432448
2025-05-26,251.83360581995143,253.11718928414223,249.81608748064411,251.83360581995143,4567635
2025-05-27,250.8687825968342,251.5933956480026,248.55966829536646,250.8687825968342,1450594
2025-05-28,248.78837498271346,249.68150007128912,247.79172604807283,248.78837498271346,8881611
2025-05-29,250.57124774249849,251.0607370553973,249.35645794232119,250.57124774249849,5587470
2025-05-30,250.43498941230564,250.78842150130833,249.29328247379445,250.43498941230564,1339256
2025-06-02,250.0331540036121,251.90545234991222,248.49177487507825,250.0331540036121,6148919
2025-06-03,249.44613966719027,250.83031207420413,248.84881861380592,249.44613966719027,1790956
2025-06-04,247.5652913569315,248.41146406574617,246.5289022702139,247.5652913569315,9875179
2025-06-05,245.94178962371336,247.39678094774627,244.96737374640463,245.94178962371336,3192762
2025-06-06,246.62534802640877,248.83050917482106,244.5143004429543,246.62534802640877,6590805
2025-06-09,248.5699324784837,249.43549826113767,248.45173312300068,248.5699324784837,6060816
2025-06-10,246.1768584882282,247.9846426072925,245.79915540586396,246.1768584882282,7109048
2025-06-11,248.13060918638678,248.16846808568144,247.870973633601,248.13060918638678,1456745
2025-06-12,250.17994031689906,250.76161631151257,250.05382492437897,250.17994031689906,5371855
2025-06-13,249.64051268615896,252.00348771342877,248.6922712948798,249.64051268615896,6746650
2025-06-16,256.0397126674327,257.2763149230324,254.16434180616784,256.0397126674327,2182982
2025-06-17,254.73091263755828,255.89409987003555,253.59053694919882,254.73091263755828,4892717
2025-06-18,254.96274012628808,255.9065518092764,254.3749025062047,254.96274012628808,6248432
2025-06-19,256.3632658980837,258.5247266224042,255.64759626032412,256.3632658980837,1787996
2025-06-20,255.74838696337045,255.9089178098558,254.15004538726564,255.74838696337045,2129290
2025-06-23,252.5485441381515,254.5116345374292,250.40565693863834,252.5485441381515,5248154
2025-06-24,254.18233792225905,256.3884358255602,252.61820106676805,254.18233792225905,3280213
2025-06-25,254.52908408151708,255.40811759877656,252.18447119451588,254.52908408151708,7416153
2025-06-26,252.55076252548682,254.2374397458222,251.9626571524765,252.55076252548682,5471628
2025-06-27,249.81424420446658,251.44873959315217,247.7590785453906,249.81424420446658,1653520
2025-06-30,249.1037904523639,250.3216219765795,249.08400649347263,249.1037904523639,6676674
2025-07-01,248.00807142099964,248.35719950620697,246.27650364225926,248.00807142099964,7574063
2025-07-02,248.89651454865955,249.4049495870627,246.64854850515948,248.89651454865955,7639969
2025-07-03,247.00820963455544,248.84784569729024,245.46464446006476,247.00820963455544,5535121
2025-07-04,244.64076384903524,245.2024471624279,244.36073607347257,244.64076384903524,7914958
2025-07-07,245.83619086555032,247.91482808215954,245.24644850168377,245.83619086555032,4938380
2025-07-08,245.8117177567627,246.08434581479744,243.5777505953017,245.8117177567627,1628055
2025-07-09,248.0427720721059,249.29501294848782,247.88721799791688,248.0427720721059,5688167
2025-07-10,248.03864382450794,250.35825519529988,247.6924740695669,248.03864382450794,5121520
2025-07-11,246.0914856814795,247.5816015334972,244.80544150222116,246.0914856814795,7779321
2025-07-14,249.7948966040627,251.77839067544556,247.48673186181324,249.7948966040627,3621945
2025-07-15,250.44625502636006,251.11736099826072,248.50469499662,250.44625502636006,8218083
2025-07-16,249.9771469176206,251.4035780102345,248.7370129843418,249.9771469176206,7003619
2025-07-17,247.7795256165672,247.8586506158906,245.56618421156654,247.7795256165672,6724091
2025-07-18,247.6402420610347,249.8143079733111,246.57188827377638,247.6402420610347,1159403
2025-07-21,248.045182856678,249.8348386899876,248.00077562964012,248.045182856678,6536524
2025-07-22,248.89123099762145,249.4842398294421,247.5025980829699,248.89123099762145,6212069
2025-07-23,247.69965365292944,249.69980488679917,245.81761891988674,247.69965365292944,5430891
2025-07-24,249.8573160684399,251.9630749977114,249.30820788656118,249.8573160684399,3077868
2025-07-25,247.43893767522428,247.9867374526277,246.2340913601175,247.43893767522428,8285941
2025-07-28,249.6629386599919,250.59112209433496,247.79345696042176,249.6629386599919,8729210
2025-07-29,249.29815610604354,250.93697756014717,247.49832867013828,249.29815610604354,2396417
2025-07-30,249.6087324671933,251.38882394800757,248.98365478228538,249.6087324671933,8377238
2025-07-31,250.69967781740306,252.1719496458003,249.9965056319345,250.69967781740306,9117925
2025-08-01,252.75345601137315,252.97757501424587,251.08646317538498,252.75345601137315,8409206
2025-08-04,253.37870293646802,253.50713572735387,252.08028905315757,253.37870293646802,3533256
2025-08-05,251.09999060438562,251.94265647721542,248.74339846287953,251.09999060438562,5284819
2025-08-06,246.57447026332312,248.19494607672857,245.77011461732585,246.57447026332312,7997050
2025-08-07,247.39910320598878,248.50894848188335,246.33829754557146,247.39910320598878,1918365
2025-08-08,246.57103203206262,248.88874821329603,245.25226016424912,246.57103203206262,6002457
2025-08-11,247.26982114335803,248.0146345820746,246.20924289591045,247.26982114335803,4848116
2025-08-12,248.50282317848018,249.6449278782964,248.1915949728152,248.50282317848018,1221497
2025-08-13,249.53390477061626,251.8470515183183,247.35944915325703,249.53390477061626,9419435
2025-08-14,252.002727636311,253.12341464786115,250.06141064820747,252.002727636311,1825718
2025-08-15,250.62527348998424,250.9258663839235,248.92022730659755,250.62527348998424,8997601
2025-08-18,245.1611020544562,246.3161637624853,244.7831334132016,245.1611020544562,4388367
2025-08-19,248.1993715713175,250.43872990977127,246.46790026952897,248.1993715713175,7258890
2025-08-20,245.8584968327242,247.83419427037347,243.72190023695904,245.8584968327242,5925347
2025-08-21,243.18896899118428,244.34656819603777,241.58012960480625,243.18896899118428,8469442
2025-08-22,241.0205428136372,242.51323203933032,239.2760747967538,241.0205428136372,9173035
2025-08-25,241.15030305352198,241.6581939300219,241.083416725613,241.15030305352198,9208003
2025-08-26,240.97140722362812,241.32178564593693,240.10890374855904,240.97140722362812,1836779
2025-08-27,240.23286196967547,240.74411945096608,239.5839603446658,240.23286196967547,8017953
2025-08-28,244.27139462303543,246.01241099662764,244.0397211125782,244.27139462303543,2139694
2025-08-29,244.82904317577177,245.309963571023,242.56330614589007,244.82904317577177,1178269
2025-09-01,246.49750965404803,248.09709431307522,244.61810129677642,246.49750965404803,8909764
2025-09-02,245.4723730338051,247.69711690292223,243.93609965641633,245.4723730338051,8546866
2025-09-03,245.01988457540767,247.14923134774688,244.87606358876573,245.01988457540767,1470075
2025-09-04,247.0560067861427,248.31205964933653,244.61012612850925,247.0560067861427,6946561
2025-09-05,245.8939127543021,248.21335905306998,245.38935851540015,245.8939127543021,3148298
2025-09-08,245.22317868901274,247.64942710618112,244.92281815546914,245.22317868901274,6931517
2025-09-09,247.69189833565264,248.90469730574034,245.8365525060124,247.69189833565264,7260667
2025-09-10,248.28826924495945,249.23380821417183,246.8571685376356,248.28826924495945,7316216
2025-09-11,247.8644154630738,250.00501081128365,247.34675481920468,247.8644154630738,8936720
2025-09-12,249.76777692534085,250.65505797934193,249.15881048855329,249.76777692534085,6546202
2025-09-15,248.62344643237583,249.5195604939218,248.36042875762362,248.62344643237583,7389700
2025-09-16,247.82673191272298,249.05561563428043,246.97265769289524,247.82673191272298,8474853
2025-09-17,252.26136626432054,253.10570323886856,250.65057719882532,252.26136626432054,8402285
2025-09-18,254.58327133362278,256.0613876431651,253.3587688874084,254.58327133362278,4377087
2025-09-19,253.4044274246109,255.43607768905076,252.2219284871966,253.4044274246109,8908371
2025-09-22,254.2252622637541,255.63470693220745,253.49361029314372,254.2252622637541,1321878
2025-09-23,256.08057066278735,256.7292005716129,255.51259748221645,256.08057066278735,3957836
2025-09-24,255.89810267791805,257.75858964696,255.89466702200252,255.89810267791805,9275940
2025-09-25,254.20844377483567,254.23554436258425,252.39528795980175,254.20844377483567,5417397
2025-09-26,254.52870380956938,255.5848245016593,252.73371648554937,254.52870380956938,3370411
2025-09-29,253.249461402187,254.6485987949404,252.64176711414433,253.249461402187,8205668
2025-09-30,252.3076913398683,254.0416993999112,251.30255352677088,252.3076913398683,4042800
2025-10-01,253.43980823851928,254.3366670826056,251.76885323480428,253.43980823851928,8627753
2025-10-02,252.8235248359742,254.84467686076297,251.4872006352209,252.8235248359742,2462002
2025-10-03,253.72813415340457,255.2884578582206,251.32242311795483,253.72813415340457,3496138
2025-10-06,251.1181025123908,253.22352569253093,249.48740615451328,251.1181025123908,3168750
2025-10-07,251.9704055408652,254.39187085796095,251.47111754559864,251.9704055408652,6006283
2025-10-08,252.93574590157286,253.57984107284935,251.01987912821295,252.93574590157286,5662150
2025-10-09,255.0630655468149,255.73050448071456,254.637341849475,255.0630655468149,5549458
2025-10-10,256.9890485051447,258.38766686705804,255.58632526112675,256.9890485051447,2616548
2025-10-13,260.6056202084087,260.86969670590963,260.35416747958914,260.6056202084087,4665186
2025-10-14,258.8535993458517,261.0592148506894,257.609443733995,258.8535993458517,9095740
2025-10-15,260.344511594001,260.57311557852694,258.7540784236431,260.344511594001,6327380
2025-10-16,264.1437028788637,264.3316118470463,264.0736357919627,264.1437028788637,5739511
2025-10-17,265.5480983738521,266.0579676072292,265.4763733608633,265.5480983738521,9562703
2025-10-20,263.00711485471646,263.3004578414852,262.13187171503245,263.00711485471646,8124226
2025-10-21,265.39121968932085,266.73936317706546,262.87400741393753,265.39121968932085,1908891
2025-10-22,267.5612271974848,270.09722707200444,267.11763786617945,267.5612271974848,4884075
2025-10-23,265.82279603974155,268.39962145164736,263.76771708767114,265.82279603974155,5790296
2025-10-24,267.7511141057796,269.8582297122748,266.3729460759039,267.7511141057796,2147714
2025-10-27,268.9836928624265,269.8986363718768,267.5301081711751,268.9836928624265,8448960
2025-10-28,268.4193892669296,270.83098176362773,267.76161272057544,268.4193892669296,7447245
2025-10-29,264.67698283825774,264.81510327380016,263.492024700058,264.67698283825774,4587207
2025-10-30,263.7396672827823,264.78780610472666,263.07177304687445,263.7396672827823,4596885
2025-10-31,263.6532568472857,264.16816352118667,261.7319117775588,263.6532568472857,2565000
2025-11-03,263.99593221355366,264.5680453008189,262.20518187692187,263.99593221355366,3570097
2025-11-04,263.23225494482216,264.9233847714751,261.2316118043829,263.23225494482216,7362460
2025-11-05,262.1591073684077,262.9836756925208,261.3869826558159,262.1591073684077,6029373
2025-11-06,261.45048580322185,262.83464182418004,259.18633098591545,261.45048580322185,5160572
2025-11-07,264.2986215972907,264.54813720632154,261.7176636464268,264.2986215972907,5033767
2025-11-10,266.1973895719941,266.63142684335014,264.8799816677172,266.1973895719941,2032761
2025-11-11,266.6768334781674,267.8701114330399,264.46608371137404,266.6768334781674,9830807
2025-11-12,268.63666187855637,270.9431466565604,267.00765778341736,268.63666187855637,5895970
2025-11-13,266.3668705889518,268.16131719632364,265.10809751906345,266.3668705889518,9320650
2025-11-14,267.5102290272136,269.9094201225697,265.4915036954532,267.5102290272136,4927758
2025-11-17,266.4332059130541,266.5365198050781,265.5291161506216,266.4332059130541,6252730
2025-11-18,262.93139112673856,263.9487253282305,262.48575875179927,262.93139112673856,1052025
2025-11-19,264.54537758729464,265.8656007205011,263.27988318605514,264.54537758729464,9477590
2025-11-20,263.56366960210636,265.70547707497326,262.307694081659,263.56366960210636,3708467
2025-11-21,264.23361386265094,264.95037667787284,262.3453629799995,264.23361386265094,9777558
2025-11-24,262.05877021374073,264.35743898692175,261.1882250687434,262.05877021374073,8622495
2025-11-25,262.52549828431313,264.74530039179695,260.99131202682884,262.52549828431313,9085831
2025-11-26,263.9774995282297,265.3579064867241,262.61784465737793,263.9774995282297,3104586
2025-11-27,263.7029476174316,263.79835250168924,262.79299331601226,263.7029476174316,4484742
2025-11-28,266.5125901448742,267.45909907949846,264.65618858004115,266.5125901448742,8694370
2025-12-01,269.78900365526226,272.0553878665198,269.16626688725876,269.78900365526226,6071476
2025-12-02,271.33997216940395,273.09683524745833,271.1150258879594,271.33997216940395,9187294
2025-12-03,269.22063514876425,270.9370306804731,267.95420189536026,269.22063514876425,4708224
2025-12-04,269.3301531839408,270.2979201726242,269.1952531650114,269.3301531839408,8365899
2025-12-05,265.70866742611884,267.92174050439417,264.9653849608016,265.70866742611884,1031368
2025-12-08,267.6607097921611,270.33346741362095,265.57162091772824,267.6607097921611,8380533
2025-12-09,267.80813155707153,269.17574457325986,265.1307320589577,267.80813155707153,5379414
2025-12-10,266.24459036734373,268.8373213702056,265.50400960171413,266.24459036734373,1963511
2025-12-11,267.0133048786419,268.59650707273346,265.1140711242068,267.0133048786419,4098514
2025-12-12,267.20946034356905,269.15547521088536,264.64489451968024,267.20946034356905,5404139
2025-12-15,267.9493581622979,270.0753710685201,265.28421558802916,267.9493581622979,7100483
2025-12-16,268.4265645782524,268.95853578546695,267.9702569203118,268.4265645782524,9928597
2025-12-17,263.75860510175465,266.3918239588444,262.9278223090949,263.75860510175465,9617613
2025-12-18,260.615108184817,261.51838980956785,259.64068292104844,260.615108184817,9847716
2025-12-19,260.51357491782784,261.84928853805076,259.74468756938836,260.51357491782784,6466761
2025-12-22,262.1625171215117,263.7919292124608,261.5702785714827,262.1625171215117,7712119
2025-12-23,260.967261359773,262.9591792721295,260.71039174595415,260.967261359773,3479512
2025-12-24,265.51001168205596,266.1777400318757,263.35173249264005,265.51001168205596,9253275
2025-12-25,266.55966733862846,266.75156537447145,264.18950579745086,266.55966733862846,1757840
2025-12-26,268.84767838197536,269.2006156459027,268.3186971046294,268.84767838197536,8030259
2025-12-29,268.3076472029716,269.08161595250425,265.79664752240456,268.3076472029716,8564601
2025-12-30,268.6105385003083,268.81846884654993,266.45429001592504,268.6105385003083,2328926
2025-12-31,262.7418676584552,264.7042328174704,260.86493015995234,262.7418676584552,9501510
2026-01-01,264.53691535835657,264.54397750301666,262.10524572003663,264.53691535835657,9789274
2026-01-02,264.2811923948696,265.8579694260599,264.1091870170642,264.2811923948696,5970868
2026-01-05,266.3532725813331,268.0500792627221,264.7058617336037,266.3532725813331,9543398
2026-01-06,264.6089527756401,264.7764958424933,264.3181862555116,264.6089527756401,2508677
2026-01-07,262.246338643773,264.0518654450309,260.1300167068848,262.246338643773,1432417
2026-01-08,259.93409036873464,262.39054433985757,257.89635552927996,259.93409036873464,3527562
2026-01-09,258.7395431658453,259.57009918356255,257.3467690498783,258.7395431658453,5774627
2026-01-12,258.999864890674,259.2905897043494,257.3936189185294,258.999864890674,2666583
2026-01-13,259.75516433350685,262.0563662235815,258.052234981048,259.75516433350685,7998048
2026-01-14,261.8035167225871,263.62877138031513,259.8699584774197,261.8035167225871,5731594
2026-01-15,264.66315221498127,264.75494799327015,262.87618718948175,264.66315221498127,1543315
2026-01-16,268.66823138378277,270.61398530919587,267.87542963814013,268.66823138378277,8214128
2026-01-19,266.6113484752267,267.3674237068457,264.68829838117426,266.6113484752267,6416982
2026-01-20,266.57855400237526,268.175202612935,265.6690534256491,266.57855400237526,5145992
2026-01-21,267.885588034766,268.15938698597415,267.0276878967449,267.885588034766,9398020
2026-01-22,265.6089956314702,266.3938375935279,263.97800368191963,265.6089956314702,2315186
2026-01-23,266.3271170773914,268.9306247773552,265.82606896427717,266.3271170773914,8065397
2026-01-26,266.2594564704379,266.3176517245562,265.72060297321514,266.2594564704379,8401959
2026-01-27,264.8104872325968,265.73132136005995,263.81791558006523,264.8104872325968,3303648
2026-01-28,261.78532731188204,264.2899238195723,259.9742630717625,261.78532731188204,4994078
2026-01-29,260.201237615553,261.70202861657856,258.36314047407353,260.201237615553,3408611
2026-01-30,260.852537270982,263.1206451874674,260.0081825645769,260.852537270982,5311199
2026-02-02,259.7001619383096,262.02972052504964,257.8133866961701,259.7001619383096,7521300
2026-02-03,257.96084566642656,258.0374276444098,257.5457798678133,257.96084566642656,1710925
2026-02-04,261.76876119295633,262.18386326335957,260.03918199661047,261.76876119295633,5884838
2026-02-05,261.9691614101412,262.4806413792687,261.8116694539273,261.9691614101412,4290464
2026-02-06,262.56285799768915,263.91818320724406,262.1377387422435,262.56285799768915,7616716
2026-02-09,265.3137832695593,265.5421145755436,263.3525231988564,265.3137832695593,1535046
2026-02-10,270.21183002262734,272.318907232839,267.98471388174374,270.21183002262734,6653911
2026-02-11,275.99476151176424,278.63652428626585,273.3157960695954,275.99476151176424,2259133
2026-02-12,275.7884759709309,276.80039700269344,274.0090128883176,275.7884759709309,3737614
2026-02-13,278.30921927078197,279.99258172088963,277.4599507067214,278.30921927078197,2511281
2026-02-16,276.52198448832615,276.6030558539137,274.04022556054497,276.52198448832615,6479780
2026-02-17,277.923399678272,279.6373589858989,276.301240747036,277.923399678272,8134883
2026-02-18,279.734142331905,281.97045705984254,278.919528576042,279.734142331905,8802824
2026-02-19,279.75562028719264,280.4311695426104,279.58681742668074,279.75562028719264,2414840
2026-02-20,282.9208883262996,283.22087203848827,280.4167350005239,282.9208883262996,9893773
2026-02-23,283.67829752673697,284.5072603928642,283.1777903993636,283.67829752673697,2626086
2026-02-24,283.36994084768713,284.074962627081,280.5664005873293,283.36994084768713,7423008
2026-02-25,286.1535490675301,286.7681753068575,283.41190773865503,286.1535490675301,5304844
2026-02-26,286.36299070820905,288.9377281225121,284.9218754228343,286.36299070820905,4079961
2026-02-27,287.74222490092393,290.0763391772132,286.46703296846823,287.74222490092393,1175750
2026-03-02,284.30437046813074,286.0771766967816,282.04855288049714,284.30437046813074,5802601
2026-03-03,284.6401683919402,287.14160816956735,284.112705284254,284.6401683919402,2078552
2026-03-04,285.6635322537946,286.8857866159265,284.497127498588,285.6635322537946,1645167
2026-03-05,285.4501186602802,287.8295708751823,284.4650619719035,285.4501186602802,1177784
2026-03-06,289.07283119654386,290.58517520946407,287.99875620878197,289.07283119654386,3529469
2026-03-09,288.30390500367156,290.4067733227898,286.9004517265789,288.30390500367156,9375872
2026-03-10,290.63482455917693,291.82022080203916,288.0068204339176,290.63482455917693,4076126
2026-03-11,287.3910211616408,288.67306722743143,284.98752971657785,287.3910211616408,7058606
2026-03-12,284.78394168671707,287.22362061318836,284.1212508523377,284.78394168671707,3827155
2026-03-13,285.4706770905504,286.75534895147274,285.2905441559553,285.4706770905504,9081422
2026-03-16,283.1971102698874,285.4464451402735,281.0052782463007,283.1971102698874,5688038
2026-03-17,285.4313873199153,286.9235023371849,283.7146298527678,285.4313873199153,5802867
2026-03-18,282.5273360596724,283.39670238736255,280.8735814364702,282.5273360596724,9383085
2026-03-19,280.70754942433325,280.9226508640777,279.23312700191934,280.70754942433325,3467801
2026-03-20,282.4984744723808,284.6462777912412,280.2692288872948,282.4984744723808,2578551
2026-03-23,280.71912410308187,282.07067515669627,280.5174977953135,280.71912410308187,1193908
2026-03-24,285.9158117627099,286.2798336940941,285.7205174129657,285.9158117627099,2168361
2026-03-25,283.58828426992335,284.08833620011615,280.9655231101919,283.58828426992335,2445783
2026-03-26,283.04950830599296,283.14494990182834,281.99206142449447,283.04950830599296,8365390
2026-03-27,283.5297032540267,284.4358285147106,280.74393806279176,283.5297032540267,6731033
2026-03-30,283.0706319701764,285.26076563426966,281.68087594437884,283.0706319701764,1194403
2026-03-31,282.47660773852414,284.9959826862177,279.9388479813869,282.47660773852414,2814644
2026-04-01,282.91317171729696,283.941600240622,281.1105316579697,282.91317171729696,9274181
2026-04-02,280.2741810606342,281.37429186714644,279.966109412569,280.2741810606342,3804914
2026-04-03,279.7598971453475,281.90780877257725,279.3284842748856,279.7598971453475,5165785
2026-04-06,279.3902345546141,281.2377365215328,278.92831119169057,279.3902345546141,7786993
2026-04-07,280.8132561771976,283.2571714949791,278.44514428416926,280.8132561771976,6760382
2026-04-08,281.0299989468136,281.3535119775769,278.75518290053816,281.0299989468136,6253349
2026-04-09,279.9818753695031,282.1006034178069,277.8972136411137,279.9818753695031,8839109
2026-04-10,280.5323519152853,280.89771087663985,280.1907288174107,280.5323519152853,2968473
2026-04-13,278.8217615284305,280.21301369087666,276.5809736858765,278.8217615284305,1858539
2026-04-14,280.08562290649303,281.80096345932697,279.67966793984357,280.08562290649303,5434309
2026-04-15,277.18238103183575,279.78462962312494,275.48553980732567,277.18238103183575,3018439
2026-04-16,277.7522094523297,279.42965533258456,276.9636347044147,277.7522094523297,3237196
2026-04-17,277.7407595333018,278.4732049963197,277.20310057320137,277.7407595333018,2763006
2026-04-20,275.9440192147147,277.80278558047877,274.4445916425757,275.9440192147147,1236176
2026-04-21,271.58075928374734,272.03921095358874,270.44881520264653,271.58075928374734,8231960
2026-04-22,273.76878666359016,275.6050642894122,272.3324293095882,273.76878666359016,1403747
2026-04-23,275.8099627421085,277.7740677333971,274.8108498275306,275.8099627421085,5203627
2026-04-24,277.91542820199646,278.1633990656267,276.73784283007757,277.91542820199646,6244156
2026-04-27,281.0819671076324,281.6446670203791,280.6336815311275,281.0819671076324,4682132
2026-04-28,280.61475683798983,283.36239600848984,279.1686866574533,280.61475683798983,4661952
2026-04-29,283.0768608533769,285.1650834980507,281.5458964588236,283.0768608533769,4577034
2026-04-30,280.94494480688684,282.1000762130045,279.39330857422794,280.94494480688684,7304759
2026-05-01,280.92874279031867,281.66732834980166,279.20488153240353,280.92874279031867,1297504
2026-05-04,283.8801456483124,284.60498688630497,282.1399597922935,283.8801456483124,1005645
2026-05-05,280.067765595828,282.0355198174762,279.050902295203,280.067765595828,7442681
2026-05-06,281.9617977617705,284.47985435333663,279.9091304938359,281.9617977617705,3616505
2026-05-07,286.01948039032624,288.37877784228743,284.15986304724186,286.01948039032624,6875260
2026-05-08,287.93231262109447,288.27155331219745,287.816159506941,287.93231262109447,6953587
2026-05-11,291.29292877210264,293.6874571048397,290.2609415414377,291.29292877210264,6069745
2026-05-12,290.89101050107666,293.43158977523046,288.3315252415738,290.89101050107666,9079998
2026-05-13,288.3553497506439,290.8866921373579,287.6579756713554,288.3553497506439,8579309
2026-05-14,286.04181476582977,287.2202880226092,284.3926878863821,286.04181476582977,9819340
2026-05-15,288.60972057877314,289.3596931583928,285.8305080275133,288.60972057877314,8139807
2026-05-18,292.0982650045353,294.3214320273473,289.7330461739862,292.0982650045353,2564401
2026-05-19,294.2609949749974,295.75810325201,292.4652557503871,294.2609949749974,4528131
2026-05-20,289.9435462198708,292.8230866876713,287.920802971141,289.9435462198708,5870369
2026-05-21,289.91010102467703,292.020965450588,289.39066926052305,289.91010102467703,7882108
2026-05-22,288.0027990170766,289.16745115166714,285.4424037474105,288.0027990170766,4939940
2026-05-25,289.1723609705327,291.3969945420684,286.7856230854176,289.1723609705327,3787062
2026-05-26,290.09610269326555,292.8766285826844,289.98330637663344,290.09610269326555,6290619
2026-05-27,292.48165506145915,293.322055079119,291.7601369893612,292.48165506145915,4000865
2026-05-28,292.31671408129654,294.1993344744913,290.44613292992926,292.31671408129654,9734667
2026-05-29,291.47686816109666,292.42771436150946,289.0769593747997,291.47686816109666,3616526
2026-06-01,292.3682289210308,292.69201296910626,290.9482499379259,292.3682289210308,5639693
2026-06-02,292.3727984937361,292.83315447378266,291.17265021002584,292.3727984937361,5309839
2026-06-03,293.91181952380066,296.02649208916347,292.07275730701167,293.91181952380066,6816442
2026-06-04,297.2885034907133,298.6302491829198,294.6682085662552,297.2885034907133,3494567
2026-06-05,296.4990121471935,298.5848187935839,294.38026478055326,296.4990121471935,2191163
2026-06-08,293.72192341197723,294.2291161624399,291.99722724352114,293.72192341197723,4610856
2026-06-09,290.48382820273974,290.8930326018422,289.6171672187408,290.48382820273974,6040622
2026-06-10,288.5893571949091,289.8675608883507,287.656802326981,288.5893571949091,1965184
2026-06-11,288.03433103341604,288.7168100607195,285.29149236204216,288.03433103341604,6834127
2026-06-12,293.1710040578198,294.2294954444812,291.8218112501755,293.1710040578198,1541819
2026-06-15,289.70230553638424,292.23022478525485,288.95572196024716,289.70230553638424,4798731
2026-06-16,289.3817845556274,289.46601859100724,288.3324532938338,289.3817845556274,2014002
2026-06-17,288.5560644129016,290.20253503123075,287.6777621404782,288.5560644129016,4066157
2026-06-18,289.15158041799486,289.5622665472779,288.6248800464497,289.15158041799486,3431080
2026-06-19,288.2957924575719,290.4195761083153,286.7305639855949,288.2957924575719,1904017
2026-06-22,287.79741894572146,290.53969918361963,287.09225931629305,287.79741894572146,1800154
2026-06-23,286.34389040682225,287.48576545013697,284.9976985725304,286.34389040682225,8587263
2026-06-24,284.93552122900303,285.41071340721237,282.59862079278616,284.93552122900303,2842694
2026-06-25,282.4588201831819,284.49991893207476,282.167423421017,282.4588201831819,2949404
2026-06-26,282.95913263243835,283.7333155931373,280.35367168769056,282.95913263243835,4878611
2026-06-29,282.61838547223067,284.76214120740826,281.5057400476956,282.61838547223067,2346341
2026-06-30,283.572285375947,283.766385314894,282.34293399071186,283.572285375947,3228508
2026-07-01,281.6938637931349,284.3477105755306,280.4371486815416,281.6938637931349,9213687
2026-07-02,283.1275040682207,285.7626993176666,282.52754206256816,283.1275040682207,2736349
2026-07-03,285.46668774962137,286.4302424602107,283.42162603789757,285.46668774962137,7460069
2026-07-06,279.45996809008443,279.75016984303556,279.204552372143,279.45996809008443,3462373
2026-07-07,275.6286263931219,278.0290796724524,274.1186639752559,275.6286263931219,3653623
2026-07-08,275.65357484278275,276.7700729245318,275.07230853357163,275.65357484278275,6582039
