date,open,high,low,close,volume
2019-01-01,2.492541364975869,2.513431213815467,2.47407614057923,2.492541364975869,4367337
2019-01-02,2.4850548405384623,2.4987286528513697,2.4790494935883576,2.4850548405384623,9685743
2019-01-03,2.4835140231665735,2.496084455665798,2.465872110132832,2.4835140231665735,4234271
2019-01-04,2.460013730214414,2.464595483795992,2.4541399052169135,2.460013730214414,7516728
2019-01-07,2.458020096551532,2.4805538207647655,2.4335788172549386,2.458020096551532,1078176
2019-01-08,2.432894987583097,2.450400024937775,2.4327028328587414,2.432894987583097,8839998
2019-01-09,2.4413563887474736,2.4433773842136923,2.4210424126071732,2.4413563887474736,5135672
2019-01-10,2.464745769626812,2.489391143093673,2.453054387511444,2.464745769626812,4193945
2019-01-11,2.472003847589658,2.4946205725845805,2.4693559852243383,2.472003847589658,5325897
2019-01-14,2.4660075515477335,2.4674156387468353,2.4466146618807008,2.4660075515477335,2472892
2019-01-15,2.4663697733181413,2.484707222725742,2.461943906290218,2.4663697733181413,6565272
2019-01-16,2.489239870916112,2.4992442252554508,2.4882593348539475,2.489239870916112,4031187
2019-01-17,2.4746554073509146,2.499260592845557,2.4592870837312857,2.4746554073509146,3766759
2019-01-18,2.459986124596649,2.482369483935756,2.459591347247655,2.459986124596649,8656220
2019-01-21,2.48323408807567,2.49211653118064,2.4667540101758147,2.48323408807567,4477497
2019-01-22,2.4939430438535464,2.511673550398971,2.4828604824692744,2.4939430438535464,6359760
2019-01-23,2.4823849344786386,2.5029966099854803,2.4773589865221113,2.4823849344786386,4616992
2019-01-24,2.504401837962604,2.523825626196841,2.482293200012776,2.504401837962604,5615117
2019-01-25,2.4764948449295545,2.491601636106024,2.473476952122308,2.4764948449295545,4307922
2019-01-28,2.4647318416981583,2.469076695175905,2.4536857455702057,2.4647318416981583,6494032
2019-01-29,2.4908543077600283,2.4937927287897,2.4667884603234285,2.4908543077600283,6971014
2019-01-30,2.483660829372419,2.507057154515907,2.458996243762889,2.483660829372419,9125823
2019-01-31,2.482543713896157,2.505897963530568,2.4739067070679237,2.482543713896157,4439527
2019-02-01,2.4737165325127557,2.4861931329895506,2.4718329171022453,2.4737165325127557,8730888
2019-02-04,2.451421135003767,2.4665062850340753,2.4280101068088182,2.451421135003767,2247464
2019-02-05,2.4618663060072357,2.4691327826997864,2.458913535966194,2.4618663060072357,2515942
2019-02-06,2.417307428253141,2.432200230127243,2.3939520305536304,2.417307428253141,1306452
2019-02-07,2.4266856300192323,2.432942566305691,2.416253559370215,2.4266856300192323,1154096
2019-02-08,2.453796129983145,2.4543486974968367,2.4445109984824978,2.453796129983145,4750917
2019-02-11,2.4652661401983824,2.4786301866741605,2.4586515605467043,2.4652661401983824,2347489
2019-02-12,2.4341147562029635,2.4482645489104526,2.4320268534672786,2.4341147562029635,4525516
2019-02-13,2.4776985998062457,2.483777356660883,2.4702887576946364,2.4776985998062457,8152046
2019-02-14,2.460771674045892,2.477090020036486,2.452240554117324,2.460771674045892,8446911
2019-02-15,2.467685938888609,2.4733580989216115,2.4516652551217892,2.467685938888609,7295869
2019-02-18,2.4254620683189074,2.4380406402656614,2.4082161033697638,2.4254620683189074,7653933
2019-02-19,2.4509754488744333,2.473753883759124,2.4483778096590716,2.4509754488744333,4353116
2019-02-20,2.393732055565292,2.415096693650583,2.3823356739505117,2.393732055565292,4747556
2019-02-21,2.3585978834474663,2.3658622629872736,2.3568917955650472,2.3585978834474663,8374411
2019-02-22,2.341478169904258,2.3624164853816496,2.3260351846193115,2.341478169904258,4345993
2019-02-25,2.334695709961016,2.353905237998753,2.334371451893959,2.334695709961016,7415436
2019-02-26,2.344271729770525,2.3536375471273066,2.325281270104902,2.344271729770525,7053866
2019-02-27,2.3393915345557565,2.3418444437215857,2.318647686291632,2.3393915345557565,1641981
2019-02-28,2.364940344752256,2.3669179559933973,2.360416828344192,2.364940344752256,9431126
2019-03-01,2.375619183336,2.3901570340862692,2.3702108792893153,2.375619183336,5327926
2019-03-04,2.3743043942109994,2.3871307608390984,2.3667592429860287,2.3743043942109994,6287957
2019-03-05,2.3731031794543793,2.3854598355050154,2.3590060075016215,2.3731031794543793,7341482
2019-03-06,2.368128077232739,2.3899245661610538,2.353437682706888,2.368128077232739,3651117
2019-03-07,2.380843924393365,2.4031128945182245,2.3671211489834763,2.380843924393365,4982825
2019-03-08,2.368515080222164,2.3749593970929976,2.3601041391907485,2.368515080222164,8707814
2019-03-11,2.396039587469189,2.414026309844393,2.384421208572536,2.396039587469189,3449337
2019-03-12,2.4164421613822897,2.431570778825005,2.41374693409522,2.4164421613822897,6381952
2019-03-13,2.4321898947144645,2.433501557457004,2.4188064516101133,2.4321898947144645,7569460
2019-03-14,2.420268154240701,2.4402484900432033,2.407700413181435,2.420268154240701,4959950
2019-03-15,2.405650678934325,2.4256026377220117,2.3923023585395717,2.405650678934325,5150052
2019-03-18,2.406801404526506,2.420904985282452,2.386155785110013,2.406801404526506,3834668
2019-03-19,2.3888239821067216,2.3899655609538133,2.382899279330883,2.3888239821067216,8090615
2019-03-20,2.4069606442695313,2.4079993121941454,2.3849420692099077,2.4069606442695313,6741679
2019-03-21,2.404224208239656,2.4060173173966257,2.388843181912413,2.404224208239656,5867728
2019-03-22,2.414741795172194,2.415048347880157,2.396556060486096,2.414741795172194,8840299
2019-03-25,2.397366516398289,2.4044392397106087,2.3746774433488933,2.397366516398289,5936532
2019-03-26,2.3716064850160308,2.3805757885700727,2.3494759797762725,2.3716064850160308,9871579
2019-03-27,2.3459066062533687,2.3673512315023837,2.3328770402965135,2.3459066062533687,6376635
2019-03-28,2.3708521793501065,2.3712258456662716,2.3483413419424584,2.3708521793501065,5043668
2019-03-29,2.3586735545667454,2.3606986820619156,2.341191276008142,2.3586735545667454,6889766
2019-04-01,2.3355168621199147,2.3479341155854025,2.328472337317954,2.3355168621199147,9218320
2019-04-02,2.35586971337675,2.366705796233251,2.3547989438734853,2.35586971337675,8471740
2019-04-03,2.366656527787605,2.369113606458772,2.3502286387656257,2.366656527787605,5270800
2019-04-04,2.357439777356553,2.359722258450617,2.3457317913628835,2.357439777356553,3118652
2019-04-05,2.3473855533006547,2.3621602279752785,2.345798313968714,2.3473855533006547,6880706
2019-04-08,2.32859786506522,2.340348053505057,2.312191055767168,2.32859786506522,2682612
2019-04-09,2.292044547412269,2.3097861444923047,2.2769879326316427,2.292044547412269,9221579
2019-04-10,2.294930565253948,2.3043174992479916,2.2834250075933773,2.294930565253948,6361664
2019-04-11,2.2944870360268683,2.3040552670752836,2.2746000593129496,2.2944870360268683,1913780
2019-04-12,2.33267401910862,2.350850164224788,2.321256998174922,2.33267401910862,4477593
2019-04-15,2.3518299837160224,2.353300444255721,2.349161639275804,2.3518299837160224,1003891
2019-04-16,2.3544093082276314,2.3718573828989,2.3327096224443116,2.3544093082276314,3529241
2019-04-17,2.3554714454189005,2.3632927033514837,2.3481106808265135,2.3554714454189005,3493550
2019-04-18,2.3561325416874053,2.368557894991066,2.347557649234293,2.3561325416874053,5282793
2019-04-19,2.3634042040628254,2.3832420573124242,2.3474873907892335,2.3634042040628254,5564241
2019-04-22,2.3495958840159523,2.3679955912011685,2.3343375114303706,2.3495958840159523,5830701
2019-04-23,2.3398729781454817,2.340667590536738,2.3339310011135272,2.3398729781454817,3603909
2019-04-24,2.3327651300834096,2.3553681510517728,2.316896699120308,2.3327651300834096,6874354
2019-04-25,2.336137939150979,2.3449050339625033,2.317490677204036,2.336137939150979,3340303
2019-04-26,2.3797467936182497,2.401959063668519,2.370928654297132,2.3797467936182497,7997019
2019-04-29,2.417313269441227,2.4178773458230305,2.396699858383466,2.417313269441227,7890913
2019-04-30,2.3978950373660473,2.398341027320517,2.394720795819085,2.3978950373660473,5947801
2019-05-01,2.422442832034605,2.4396508677794397,2.400022795203813,2.422442832034605,1324346
2019-05-02,2.436638749200677,2.448999791378396,2.4147027312484974,2.436638749200677,9968508
2019-05-03,2.413213225593105,2.4353996339670703,2.393454486160353,2.413213225593105,2096733
2019-05-06,2.429189058223434,2.4302120008337034,2.421643551974641,2.429189058223434,7355083
2019-05-07,2.4465853228334775,2.455934437594861,2.4390079921609322,2.4465853228334775,3212374
2019-05-08,2.446703620789075,2.4559217730550476,2.430913609336917,2.446703620789075,9427653
2019-05-09,2.4313129855007984,2.450101195192826,2.4274651150397353,2.4313129855007984,2549085
2019-05-10,2.41074870662143,2.4255247626747822,2.388461149335917,2.41074870662143,7199772
2019-05-13,2.3906036137382976,2.4011363872416105,2.3716994331855004,2.3906036137382976,9355146
2019-05-14,2.3549745484120175,2.3638370390239647,2.350386097074227,2.3549745484120175,4785396
2019-05-15,2.357982440464808,2.3764112817699283,2.346888955746701,2.357982440464808,8963588
2019-05-16,2.377784577458708,2.3781371487930962,2.3540933783900595,2.377784577458708,7830734
2019-05-17,2.3766046874303055,2.3794407759579252,2.3745276666896955,2.3766046874303055,5403021
2019-05-20,2.407893525426925,2.426993246420714,2.397608479135606,2.407893525426925,8863466
2019-05-21,2.430132546178236,2.4392667547819524,2.4219915117050754,2.430132546178236,2019411
2019-05-22,2.435749015093254,2.4406687072374504,2.411956333578446,2.435749015093254,4020374
2019-05-23,2.422368106411414,2.4386622191133687,2.417479844361907,2.422368106411414,2280531
2019-05-24,2.375051607349425,2.376392690853688,2.361495087596202,2.375051607349425,8611655
2019-05-27,2.3591913016000374,2.3653945716112563,2.351254804755592,2.3591913016000374,3257455
2019-05-28,2.3358055417302106,2.355716139756517,2.3240982521538283,2.3358055417302106,2001390
2019-05-29,2.3215796649939326,2.34453280195272,2.3140982316839933,2.3215796649939326,4767119
2019-05-30,2.3425439066348948,2.353730536735441,2.3337468308885505,2.3425439066348948,7833857
2019-05-31,2.355843912442617,2.3670911240322567,2.335248395069246,2.355843912442617,8214658
2019-06-03,2.3353394626494186,2.3546939260450745,2.319256243678909,2.3353394626494186,5595555
2019-06-04,2.328958094511863,2.3382653748675892,2.3174843687716846,2.328958094511863,8830345
2019-06-05,2.343680651790501,2.3487838263081535,2.321710167390686,2.343680651790501,7783240
2019-06-06,2.3546814170948984,2.3669212697588793,2.3352812098763263,2.3546814170948984,3931516
2019-06-07,2.360480862672575,2.381145365886472,2.354818356205546,2.360480862672575,5682056
2019-06-10,2.373730615580795,2.385157219778558,2.3500103929077576,2.373730615580795,2601112
2019-06-11,2.390765046623545,2.399989623211031,2.3825283977252494,2.390765046623545,5793116
2019-06-12,2.3962436091244896,2.4103783125537794,2.3864863068209528,2.3962436091244896,7415476
2019-06-13,2.3825667410108804,2.397907230054095,2.382293734478989,2.3825667410108804,9332739
2019-06-14,2.4002894890231166,2.4116934230078897,2.37831701977681,2.4002894890231166,7612997
2019-06-17,2.4010361136657115,2.411650454514285,2.3981872430572704,2.4010361136657115,3785664
2019-06-18,2.365913917597075,2.3670182922948713,2.3583645433030593,2.365913917597075,5800412
2019-06-19,2.369019541314415,2.3822209419485776,2.356412420940969,2.369019541314415,3412927
2019-06-20,2.3651740680530393,2.3724525078983185,2.354574706691699,2.3651740680530393,6031018
2019-06-21,2.3499043703919735,2.355675183832721,2.347590763001616,2.3499043703919735,5279737
2019-06-24,2.364078412168334,2.368146898649064,2.3499728782607705,2.364078412168334,8160420
2019-06-25,2.389239730553954,2.390917918399563,2.3736429969164963,2.389239730553954,6885633
2019-06-26,2.3958101479657463,2.396749152132748,2.3804764274454646,2.3958101479657463,4100377
2019-06-27,2.3907032796692134,2.401587138107369,2.389562935379473,2.3907032796692134,9445720
2019-06-28,2.4009442538470687,2.409431559350793,2.3975531291020107,2.4009442538470687,3684989
2019-07-01,2.411651045064735,2.424353970434313,2.4104410953451305,2.411651045064735,7731982
2019-07-02,2.390856691883902,2.4038830397878463,2.3704483376442034,2.390856691883902,9369589
2019-07-03,2.4028380528558357,2.4109491895024417,2.3969911818842276,2.4028380528558357,7040025
2019-07-04,2.4071666091497192,2.421539132648767,2.3971052735147813,2.4071666091497192,2464845
2019-07-05,2.4260183925534933,2.4487587259266523,2.404362040176228,2.4260183925534933,3993733
2019-07-08,2.4177109440047335,2.4205354893480737,2.401643259527613,2.4177109440047335,2005031
2019-07-09,2.421715963179278,2.4405494155521135,2.4007705436460745,2.421715963179278,5096409
2019-07-10,2.4343177188734506,2.4488302501407686,2.411321632404893,2.4343177188734506,2215746
2019-07-11,2.4270315693060582,2.44464078854558,2.418272838248531,2.4270315693060582,5576901
2019-07-12,2.4226356849793835,2.4324340225566874,2.416159980965931,2.4226356849793835,7209109
2019-07-15,2.415681576431444,2.42885661442359,2.3964184519404097,2.415681576431444,4454620
2019-07-16,2.42823179056921,2.4337072415016214,2.421535403538743,2.42823179056921,3734772
2019-07-17,2.4405937522722763,2.4509550133209355,2.428086727430469,2.4405937522722763,4135830
2019-07-18,2.4538444665143415,2.464994889174789,2.4495906714026625,2.4538444665143415,9331938
2019-07-19,2.4666643023815045,2.470340981402313,2.4631752961319293,2.4666643023815045,3084881
2019-07-22,2.487741439245296,2.5003307203973244,2.483733930543814,2.487741439245296,6216959
2019-07-23,2.4908852203850578,2.4932772031594235,2.486413142313263,2.4908852203850578,4243777
2019-07-24,2.4379334579868486,2.4403571640800816,2.4228508668727553,2.4379334579868486,7144151
2019-07-25,2.42967922655346,2.4503620928902476,2.414514659767676,2.42967922655346,6833570
2019-07-26,2.454101336592448,2.46245241173635,2.4375836405695033,2.454101336592448,5535568
2019-07-29,2.5060840507985143,2.5259589894370684,2.5037959814150548,2.5060840507985143,1102882
2019-07-30,2.5119088609459173,2.5281502248624617,2.510594174073667,2.5119088609459173,6897462
2019-07-31,2.5626053080459337,2.5840813469456503,2.5609544319273425,2.5626053080459337,9770393
2019-08-01,2.569639693888898,2.5750420363497177,2.565746575285692,2.569639693888898,9378994
2019-08-02,2.52633795962434,2.542255703336508,2.5029232726011124,2.52633795962434,7000206
2019-08-05,2.54695276329635,2.5626438291602587,2.536397107385921,2.54695276329635,8263947
2019-08-06,2.553923620394276,2.5582709831706105,2.5318729553668864,2.553923620394276,6541743
2019-08-07,2.541164773494973,2.5578639095773292,2.52116485508855,2.541164773494973,3769686
2019-08-08,2.5512673623896283,2.5621365411219506,2.544754900458773,2.5512673623896283,8634133
2019-08-09,2.5760676081258813,2.591243787348753,2.5598166690131956,2.5760676081258813,2137981
2019-08-12,2.5763553459684245,2.592353257441943,2.5561628434907853,2.5763553459684245,1633444
2019-08-13,2.6121991517491745,2.6219740331284447,2.5883856519837143,2.6121991517491745,8190416
2019-08-14,2.611693925702207,2.6249717497910723,2.6063336492379157,2.611693925702207,2125494
2019-08-15,2.59204701041756,2.596664389578989,2.5815270435579905,2.59204701041756,9551467
2019-08-16,2.576539615060711,2.5929002542211803,2.565100303619141,2.576539615060711,1688368
2019-08-19,2.5964420266805366,2.6154498447314367,2.5732072271534614,2.5964420266805366,8711761
2019-08-20,2.5863883661292593,2.6064769019077128,2.583080869291457,2.5863883661292593,1908989
2019-08-21,2.5422920042118062,2.5476189639289903,2.540451741598799,2.5422920042118062,9254326
2019-08-22,2.571581249283928,2.5725120606451886,2.5684881143899516,2.571581249283928,9461184
2019-08-23,2.578251230511022,2.585093242672169,2.5679104922550917,2.578251230511022,9604207
2019-08-26,2.57110112031673,2.5882357041590507,2.5691478805500148,2.57110112031673,2907087
2019-08-27,2.5671074821637268,2.574973894253255,2.5646498045201915,2.5671074821637268,3123269
2019-08-28,2.5521741800063626,2.5731162820206204,2.548727276519312,2.5521741800063626,8847430
2019-08-29,2.585633012576616,2.608991681756919,2.5648674429494664,2.585633012576616,5683277
2019-08-30,2.6092136189267507,2.6350469000496646,2.5984040183777046,2.6092136189267507,1727243
2019-09-02,2.6098673326138746,2.6312327989686795,2.5840829201514577,2.6098673326138746,1085103
2019-09-03,2.5910646250865703,2.59886623149982,2.580374798711259,2.5910646250865703,5785306
2019-09-04,2.6047118756652203,2.6281774140103034,2.583661979911415,2.6047118756652203,3733988
2019-09-05,2.5813152427974457,2.5945725060277174,2.5721950410991052,2.5813152427974457,6414659
2019-09-06,2.547568280885481,2.5628464893187854,2.5287498938901756,2.547568280885481,4244040
2019-09-09,2.547260564376726,2.554139613562531,2.52239074638974,2.547260564376726,5262739
2019-09-10,2.5567918875845312,2.5690630437730033,2.544333266053535,2.5567918875845312,1036699
2019-09-11,2.585597277027199,2.5984939088290346,2.5820424107981186,2.585597277027199,2882873
2019-09-12,2.5976925715385852,2.6186332339194056,2.5856017913366003,2.5976925715385852,4103458
2019-09-13,2.621236716822022,2.6236758949915493,2.614536589988151,2.621236716822022,3616468
2019-09-16,2.6338389304655014,2.658851703027899,2.620362041378682,2.6338389304655014,4781999
2019-09-17,2.6472635342155293,2.659610433780849,2.6285051094271803,2.6472635342155293,7890448
2019-09-18,2.6152378758096506,2.631881118437389,2.60416466065897,2.6152378758096506,7698027
2019-09-19,2.626964918386798,2.645247076939703,2.606163241710167,2.626964918386798,8774129
2019-09-20,2.6273180394800515,2.635519326443413,2.624333344275259,2.6273180394800515,2918385
2019-09-23,2.58712857664589,2.60403206550265,2.5828893037298575,2.58712857664589,2035797
2019-09-24,2.589735174548828,2.615446993282519,2.5843113794889545,2.589735174548828,5349911
2019-09-25,2.5777910995712268,2.586472957489217,2.571822574894026,2.5777910995712268,5100708
2019-09-26,2.5717802466599835,2.5817003642170726,2.5556016619697535,2.5717802466599835,6067866
2019-09-27,2.5376933586540487,2.5458362466965063,2.5230243111394866,2.5376933586540487,6166692
2019-09-30,2.518182528422708,2.540711609228539,2.514238769839702,2.518182528422708,8950581
2019-10-01,2.518874555952348,2.5300838554503358,2.5110262252815376,2.518874555952348,7388612
2019-10-02,2.505379525122764,2.5103061643753204,2.4812111463527686,2.505379525122764,1679479
2019-10-03,2.5094131375221145,2.5315503407308864,2.4935778094984578,2.5094131375221145,3932115
2019-10-04,2.4843196839141055,2.484367022942228,2.4761669319909534,2.4843196839141055,6023612
2019-10-07,2.4929326319820437,2.5159263897061823,2.468505491315545,2.4929326319820437,2229245
2019-10-08,2.4789765907297987,2.4921701758855805,2.4600172242295755,2.4789765907297987,9920295
2019-10-09,2.4848551504358394,2.490471125623458,2.4719657926412633,2.4848551504358394,3609595
2019-10-10,2.471214749344752,2.493200220193079,2.4690716281722547,2.471214749344752,8724334
2019-10-11,2.4568313338006744,2.4690855793070514,2.441659197787668,2.4568313338006744,1104735
2019-10-14,2.428770733449281,2.434196759452283,2.4207824987581477,2.428770733449281,5373825
2019-10-15,2.4295640573238173,2.4369424374360604,2.4123527304975587,2.4295640573238173,2341663
2019-10-16,2.4178572738122264,2.4304101366989386,2.400283765498073,2.4178572738122264,7143389
2019-10-17,2.404618811751346,2.4145171776343313,2.389583760458885,2.404618811751346,6162671
2019-10-18,2.400742855061483,2.4199748060084096,2.3876743460160927,2.400742855061483,5596253
2019-10-21,2.3987794596992162,2.4113527789319678,2.385770111477103,2.3987794596992162,4866103
2019-10-22,2.4162214330138987,2.434324246967904,2.4147334716933937,2.4162214330138987,7495673
2019-10-23,2.425748290387478,2.449886274456633,2.41834071478626,2.425748290387478,8619374
2019-10-24,2.4142768748792864,2.4299090271137245,2.4096589316880785,2.4142768748792864,6980113
2019-10-25,2.417838710889368,2.436233032634489,2.401608966170709,2.417838710889368,5533393
2019-10-28,2.4126444897685815,2.4249705009058924,2.395864191509582,2.4126444897685815,5645851
2019-10-29,2.4038371246543813,2.4042189777059932,2.3975964095577567,2.4038371246543813,7463218
2019-10-30,2.3890706420677614,2.399614973866222,2.3853733970456616,2.3890706420677614,4284955
2019-10-31,2.3645180831156205,2.3868753326434455,2.364451695236137,2.3645180831156205,2631051
2019-11-01,2.369279535014886,2.3876564265385194,2.3555737538445225,2.369279535014886,8580520
2019-11-04,2.3939271855042614,2.416230303503808,2.385592690484054,2.3939271855042614,6058184
2019-11-05,2.3871156127168076,2.3998583276254455,2.3749004723846334,2.3871156127168076,9219911
2019-11-06,2.3564589850455118,2.369622671867826,2.352400116461233,2.3564589850455118,4922016
2019-11-07,2.3577638604415414,2.3601575279455425,2.3360309734291196,2.3577638604415414,6960980
2019-11-08,2.3739772734864983,2.3797372316715832,2.35766309021856,2.3739772734864983,4633280
2019-11-11,2.3794886208646346,2.398428672717855,2.369314912899047,2.3794886208646346,9086721
2019-11-12,2.363395341096621,2.379151254724919,2.35862062785972,2.363395341096621,2799532
2019-11-13,2.3356510401058124,2.3367503748792506,2.3282546644051965,2.3356510401058124,7659615
2019-11-14,2.335702020767887,2.346382270237477,2.3242228979492308,2.335702020767887,3782043
2019-11-15,2.3449524967426347,2.3465780684944204,2.3249413876901643,2.3449524967426347,1563674
2019-11-18,2.3168001141275223,2.3363812050152633,2.3139923998244054,2.3168001141275223,3563952
2019-11-19,2.3174645415965958,2.33315778097008,2.3030845837116956,2.3174645415965958,7599964
2019-11-20,2.3096717288439357,2.3158541292220636,2.309048376405911,2.3096717288439357,7466655
2019-11-21,2.3396878415242335,2.351835562760783,2.3179432059002667,2.3396878415242335,3432102
2019-11-22,2.335324551608365,2.344927257485358,2.332924279949448,2.335324551608365,7511989
2019-11-25,2.3206629208466403,2.337361013721016,2.31472381455223,2.3206629208466403,4548114
2019-11-26,2.324777295321974,2.325311194715022,2.3188487107103084,2.324777295321974,7867194
2019-11-27,2.3117460010133133,2.317017221010394,2.2954002400962006,2.3117460010133133,7794296
2019-11-28,2.327565400452526,2.3312331894405216,2.32089848082041,2.327565400452526,3429378
2019-11-29,2.32035467088391,2.3245657767361467,2.310176602017816,2.32035467088391,4218940
2019-12-02,2.280864218045765,2.2884797411460833,2.262347892184677,2.280864218045765,5257392
2019-12-03,2.305128631314385,2.313635250721572,2.297420036869819,2.305128631314385,4839345
2019-12-04,2.316348956961042,2.3394413737718724,2.3030559238816934,2.316348956961042,4936070
2019-12-05,2.3377971566022056,2.3429912977482954,2.327369056691464,2.3377971566022056,8992966
2019-12-06,2.334954810287844,2.3444960679508324,2.330089076042024,2.334954810287844,3915430
2019-12-09,2.34281128910969,2.3496263762232386,2.3264422123784367,2.34281128910969,8091449
2019-12-10,2.3619657739280333,2.382884769612598,2.34430460545193,2.3619657739280333,1350781
2019-12-11,2.3792635109565086,2.3991814280948645,2.3733919751747896,2.3792635109565086,7869726
2019-12-12,2.363914127115257,2.3863305611423593,2.3511723558551814,2.363914127115257,2127124
2019-12-13,2.3617228480550696,2.377227864395113,2.344294942260204,2.3617228480550696,6595316
2019-12-16,2.3481585384426698,2.3590708522668713,2.3254661983368394,2.3481585384426698,7119472
2019-12-17,2.3194774276409116,2.33617368161804,2.301489379345667,2.3194774276409116,8675635
2019-12-18,2.3462332786534894,2.3554078252306123,2.335579843300294,2.3462332786534894,7987973
2019-12-19,2.373819774009455,2.3939028811394527,2.3736315131574806,2.373819774009455,8998398
2019-12-20,2.3534996831869366,2.376798089348675,2.3299851866163364,2.3534996831869366,9149857
2019-12-23,2.3701915681001156,2.379700591223853,2.3538453306600298,2.3701915681001156,5230294
2019-12-24,2.363582554451603,2.3790080563166156,2.346555067260128,2.363582554451603,1104790
2019-12-25,2.3681219416653825,2.3785537710865126,2.3617366687134638,2.3681219416653825,3919386
2019-12-26,2.374057827814387,2.39619261887832,2.3560230212872035,2.374057827814387,3046884
2019-12-27,2.3556345697173806,2.3587975427957697,2.345053974011406,2.3556345697173806,6324982
2019-12-30,2.381007321997605,2.400590414899844,2.364311943202722,2.381007321997605,6177430
2019-12-31,2.4112116322929267,2.41215431376335,2.3915237553444237,2.4112116322929267,2554511
2020-01-01,2.436681257512007,2.4539652909351024,2.426426003956346,2.436681257512007,9736058
2020-01-02,2.4026516246653498,2.40407161936831,2.40199701298503,2.4026516246653498,1890246
2020-01-03,2.3807325038291323,2.4026618402787467,2.3797060622683595,2.3807325038291323,1031887
2020-01-06,2.381849769853963,2.4034615698736066,2.375825984332016,2.381849769853963,1583882
2020-01-07,2.4110316543558206,2.41275869953547,2.3905919362481707,2.4110316543558206,6639368
2020-01-08,2.404865031216093,2.4092656540464117,2.3998275376081906,2.404865031216093,1729352
2020-01-09,2.392266112653261,2.400184681471381,2.3835335018442385,2.392266112653261,2387774
2020-01-10,2.377785161446118,2.380696713644309,2.3709821680626337,2.377785161446118,4663827
2020-01-13,2.397654481817945,2.4079621797561566,2.3965278331507704,2.397654481817945,6288469
2020-01-14,2.3513327861977666,2.3641707669511565,2.3355157548696406,2.3513327861977666,4805456
2020-01-15,2.3209668067511915,2.3295140359750346,2.320859362439964,2.3209668067511915,9704390
2020-01-16,2.3404931656994297,2.342572994286745,2.321098397655829,2.3404931656994297,1719676
2020-01-17,2.3440034476783005,2.3574119117198777,2.3428210642071803,2.3440034476783005,8990533
2020-01-20,2.3550434682682635,2.3752096463177845,2.3361468401034418,2.3550434682682635,3657088
2020-01-21,2.3598381587405597,2.3667774959255947,2.351144588628856,2.3598381587405597,1098956
2020-01-22,2.381798159483566,2.403660267116808,2.36613379488182,2.381798159483566,2116807
2020-01-23,2.344964533433701,2.368165931864567,2.325668801464907,2.344964533433701,4420782
2020-01-24,2.3316011513255894,2.3438373263703367,2.33003476547822,2.3316011513255894,4749940
2020-01-27,2.315021411334636,2.334212314062871,2.2996086002377596,2.315021411334636,2318068
2020-01-28,2.295212429522388,2.3056331740813247,2.2771036830744675,2.295212429522388,3883394
2020-01-29,2.2920293511720913,2.307627088633758,2.282427991671961,2.2920293511720913,3826396
2020-01-30,2.260662263550524,2.2726603252230024,2.2520091096502695,2.260662263550524,4935664
2020-01-31,2.271297118550544,2.2892598646934927,2.259778692991592,2.271297118550544,2534524
2020-02-03,2.2511268155809825,2.2512933487741975,2.2444756519348887,2.2511268155809825,3916635
2020-02-04,2.2518999179604937,2.2559153572200183,2.2321577419284355,2.2518999179604937,4675075
2020-02-05,2.2358654630375323,2.249321272139346,2.2253571610397627,2.2358654630375323,2949263
2020-02-06,2.2441950624792826,2.2499061303758556,2.234354001558518,2.2441950624792826,4581128
2020-02-07,2.2579843054883977,2.2586610823186977,2.2430458253052095,2.2579843054883977,4984904
2020-02-10,2.255726217733111,2.2768564200190555,2.242328804814928,2.255726217733111,4771151
2020-02-11,2.24911238433834,2.270315974485674,2.246851273718331,2.24911238433834,2504325
2020-02-12,2.229944814869618,2.2485048924432243,2.2105519139772842,2.229944814869618,3776660
2020-02-13,2.205573927584201,2.215621623685267,2.201393361656755,2.205573927584201,9230927
2020-02-14,2.2260112471716416,2.2297375081996442,2.225615639444003,2.2260112471716416,2851412
2020-02-17,2.2446811951571317,2.266382686259656,2.2279045555946624,2.2446811951571317,7019249
2020-02-18,2.2740983853070844,2.295747460469047,2.2644681524254215,2.2740983853070844,4490017
2020-02-19,2.2835222119831666,2.2850417908438265,2.2780355447283647,2.2835222119831666,2848390
2020-02-20,2.2869874356358015,2.3082838025641044,2.282845417202095,2.2869874356358015,5743144
2020-02-21,2.3141413264023027,2.322053637765847,2.312759157269796,2.3141413264023027,4436878
2020-02-24,2.339605579575845,2.3601244113114137,2.3342894669118257,2.339605579575845,4129003
2020-02-25,2.3380899925623537,2.3442058682546993,2.330318546966206,2.3380899925623537,5753399
2020-02-26,2.3282173230650987,2.332652311323266,2.324186001841206,2.3282173230650987,7327482
2020-02-27,2.362176903481099,2.370888089696933,2.3514659656932846,2.362176903481099,7400059
2020-02-28,2.3677774972291075,2.373808220323847,2.354167481244539,2.3677774972291075,7944738
2020-03-02,2.378378351972536,2.393573612565861,2.3592288274499804,2.378378351972536,9831532
2020-03-03,2.3978817059890307,2.415511125295143,2.3741435317796293,2.3978817059890307,6698830
2020-03-04,2.38141560466281,2.4017905115924996,2.374515233353777,2.38141560466281,9865567
2020-03-05,2.3818288139030876,2.403465692007254,2.361590974399004,2.3818288139030876,4770464
2020-03-06,2.422427301923971,2.438206684436003,2.407453475626368,2.422427301923971,9552001
2020-03-09,2.434314871885327,2.4552179399110363,2.4269628814363586,2.434314871885327,5357375
2020-03-10,2.438306051462576,2.4523343822732713,2.43744129626234,2.438306051462576,4431056
2020-03-11,2.4236681190441063,2.438543721560598,2.414308637902871,2.4236681190441063,9350033
2020-03-12,2.420792075479777,2.4289865109618645,2.4039668278344117,2.420792075479777,2859243
2020-03-13,2.4432284443479975,2.4550606361588216,2.4230511251786084,2.4432284443479975,1437865
2020-03-16,2.4640979476042526,2.4833801905923827,2.4435588460191933,2.4640979476042526,1653029
2020-03-17,2.4529067858949034,2.459453413311295,2.440692082427349,2.4529067858949034,5950511
2020-03-18,2.4329112331610347,2.4426979380848532,2.418682953063081,2.4329112331610347,5952996
2020-03-19,2.4178596756457233,2.4406648016043815,2.3938104218870477,2.4178596756457233,8743044
2020-03-20,2.4185202029090718,2.4322576141418923,2.409630746165073,2.4185202029090718,5164744
2020-03-23,2.4013300747612663,2.4185527864543714,2.3924081704912745,2.4013300747612663,8807733
2020-03-24,2.4286087641770897,2.452855360249398,2.4252682406760986,2.4286087641770897,6817861
2020-03-25,2.422978525363545,2.433069375816312,2.4176773275337324,2.422978525363545,2283175
2020-03-26,2.4113788165479084,2.415876351614195,2.4080669291677004,2.4113788165479084,3932043
2020-03-27,2.416695543807617,2.440380124544547,2.407828002769525,2.416695543807617,1952712
2020-03-30,2.3977430568220486,2.403417634518889,2.3868676711208856,2.3977430568220486,3126704
2020-03-31,2.4039748360640014,2.4122416046634902,2.399343776141526,2.4039748360640014,6150614
2020-04-01,2.3970057002373806,2.398250825672619,2.3777631746957466,2.3970057002373806,5522615
2020-04-02,2.429342098848078,2.4458344784674684,2.426020460183016,2.429342098848078,7183350
2020-04-03,2.410491414733512,2.429408344044524,2.388089884603356,2.410491414733512,2340209
2020-04-06,2.390803122822425,2.3982433110332706,2.3860536621975097,2.390803122822425,7329351
2020-04-07,2.425893435454401,2.4296317799862788,2.406442034407873,2.425893435454401,3104479
2020-04-08,2.4217875819526915,2.435154992154492,2.403165392418371,2.4217875819526915,9386393
2020-04-09,2.4270031188893664,2.439774784440953,2.416515776283373,2.4270031188893664,3720163
2020-04-10,2.44635199242382,2.461156672429051,2.4428973350936585,2.44635199242382,4077830
2020-04-13,2.4625404306974663,2.464034662934272,2.4540197428970094,2.4625404306974663,1040128
2020-04-14,2.4638358329558585,2.478508715827553,2.4567041768760824,2.4638358329558585,4159544
2020-04-15,2.491594215444458,2.5049729214319028,2.4819396308900545,2.491594215444458,8839165
2020-04-16,2.47403276164565,2.4772216988661633,2.4523689033862244,2.47403276164565,4582393
2020-04-17,2.48928174689015,2.5114824786779004,2.475240461163084,2.48928174689015,2353362
2020-04-20,2.5075854194412472,2.527185455836506,2.5027960976757133,2.5075854194412472,5304957
2020-04-21,2.4995875845259583,2.5169713934907807,2.4830990112825515,2.4995875845259583,9766295
2020-04-22,2.4725237774732536,2.4890199551952126,2.4483634364454328,2.4725237774732536,2521614
2020-04-23,2.4861810010431675,2.5083599046112,2.482585527759132,2.4861810010431675,4262493
2020-04-24,2.5026142939010114,2.5029498529987975,2.4865800239674987,2.5026142939010114,8084724
2020-04-27,2.4916168232215825,2.507585526123713,2.466906252339944,2.4916168232215825,5557422
2020-04-28,2.5243973569106752,2.53700875348032,2.52090133516342,2.5243973569106752,6823931
2020-04-29,2.490427703156794,2.5149644741817894,2.485834536535058,2.490427703156794,4664610
2020-04-30,2.4610582388201063,2.475775800036901,2.4500679826819063,2.4610582388201063,2205322
2020-05-01,2.4509838837597044,2.4654738652985126,2.446940384541742,2.4509838837597044,7520711
2020-05-04,2.4332998479108165,2.447166108886658,2.4284392944830513,2.4332998479108165,8376912
2020-05-05,2.459314822353171,2.4625405273361625,2.442069825806819,2.459314822353171,2322942
2020-05-06,2.438045374170492,2.4452628720593346,2.434660142537954,2.438045374170492,4925838
2020-05-07,2.4518473104081466,2.4697973210490467,2.4436309864290635,2.4518473104081466,7040482
2020-05-08,2.451619525135597,2.471382525835241,2.4468715499260933,2.451619525135597,2980504
2020-05-11,2.444655866411192,2.450292744699406,2.4403270308125338,2.444655866411192,3932180
2020-05-12,2.4308895004045445,2.443273313082502,2.42036660723542,2.4308895004045445,2373750
2020-05-13,2.4372484135301007,2.448596290251041,2.430240019963658,2.4372484135301007,3858433
2020-05-14,2.4109543035637944,2.4137603805189265,2.3921007163709094,2.4109543035637944,7243073
2020-05-15,2.3956387948921813,2.3999489771196916,2.3894687174387954,2.3956387948921813,2539539
2020-05-18,2.4275632609705395,2.42803532996662,2.4218809725745647,2.4275632609705395,3052840
2020-05-19,2.394934255136177,2.411863727041673,2.384505016161433,2.394934255136177,5806065
2020-05-20,2.405200059119486,2.428980906866027,2.394970079965121,2.405200059119486,3409297
2020-05-21,2.3856202263820543,2.3968613830642567,2.3854432169454802,2.3856202263820543,6196219
2020-05-22,2.3816179924028087,2.393400700053164,2.3613634245967057,2.3816179924028087,5137060
2020-05-25,2.3721191019991004,2.3931533102258005,2.350374982088473,2.3721191019991004,7820889
2020-05-26,2.3788953368129557,2.389069379555717,2.3753933999165113,2.3788953368129557,9896599
2020-05-27,2.369050246698117,2.3850644147133093,2.366358540980559,2.369050246698117,9220266
2020-05-28,2.3892253866655317,2.4057741384571387,2.381394834929959,2.3892253866655317,6025785
2020-05-29,2.39232658374859,2.409502428736956,2.377313885474032,2.39232658374859,8132640
2020-06-01,2.3838266045616843,2.392749976054951,2.3751383722419668,2.3838266045616843,1252887
2020-06-02,2.3701945344361093,2.38244874576746,2.358581904786713,2.3701945344361093,1714261
2020-06-03,2.397398693429947,2.4137764857280612,2.3772546983718983,2.397398693429947,7152553
2020-06-04,2.4014897211795843,2.409139036277732,2.3832361626373544,2.4014897211795843,6393929
2020-06-05,2.4209393289265666,2.443310938707497,2.417659463553121,2.4209393289265666,4000186
2020-06-08,2.4562673185460167,2.4701462178005733,2.4374179260605064,2.4562673185460167,8972903
2020-06-09,2.4641565458002685,2.4820477538090504,2.4468640032057114,2.4641565458002685,2701177
2020-06-10,2.4559269112479933,2.456176632187009,2.444291704524648,2.4559269112479933,8504744
2020-06-11,2.445956947921557,2.4608281086246544,2.432073632872917,2.445956947921557,3383305
2020-06-12,2.465668594321333,2.4833999897348162,2.458222974186589,2.465668594321333,9772558
2020-06-15,2.482609664782846,2.5008513695248515,2.459407319775365,2.482609664782846,1546928
2020-06-16,2.4877618916863002,2.493054676549674,2.4680223003661554,2.4877618916863002,1063481
2020-06-17,2.477351828646872,2.4905021854634346,2.452810377801528,2.477351828646872,1461211
2020-06-18,2.4955540502724203,2.514543493800792,2.475442376577824,2.4955540502724203,3433576
2020-06-19,2.489080374775373,2.497745150466072,2.4683873212545255,2.489080374775373,5871887
2020-06-22,2.4776294419137432,2.499934956379971,2.477449489861826,2.4776294419137432,2926208
2020-06-23,2.4541421701475974,2.4677252863365804,2.4525722446533567,2.4541421701475974,1236479
2020-06-24,2.465412378372572,2.476086147971922,2.446289930326273,2.465412378372572,8369892
2020-06-25,2.469974189899224,2.4871219727957135,2.44921080502242,2.469974189899224,1899382
2020-06-26,2.462804307421143,2.4761146252202364,2.458567815207241,2.462804307421143,8562469
2020-06-29,2.4764075231504235,2.490207838917426,2.4678746950937382,2.4764075231504235,2327140
2020-06-30,2.4927950191233155,2.4970778883691125,2.476277323902595,2.4927950191233155,8970780
2020-07-01,2.500438214425888,2.503880894744392,2.488361252344986,2.500438214425888,9346848
2020-07-02,2.504462469250217,2.516035771447267,2.487318511855243,2.504462469250217,4617925
2020-07-03,2.4892301429408525,2.4966718214633277,2.484815939616032,2.4892301429408525,9722550
2020-07-06,2.480920354441829,2.4978272694031003,2.4630871067493767,2.480920354441829,4030692
2020-07-07,2.470660674678763,2.47753786130351,2.470408780158209,2.470660674678763,6568153
2020-07-08,2.4982646975667278,2.518387894955611,2.482757793088464,2.4982646975667278,8966886
2020-07-09,2.5135739444856546,2.5265228562774023,2.491315681519643,2.5135739444856546,9116632
2020-07-10,2.5449639256609933,2.5485590547297514,2.5255619269101963,2.5449639256609933,4854618
2020-07-13,2.526969288328202,2.5460167925296235,2.5160429408546565,2.526969288328202,1481646
2020-07-14,2.4989910096899686,2.5181324789391883,2.4959305982885462,2.4989910096899686,3222178
2020-07-15,2.520952637842408,2.525319642923443,2.513960224826287,2.520952637842408,5337713
2020-07-16,2.541726095315888,2.5572437406440334,2.530404761345337,2.541726095315888,5890968
2020-07-17,2.542010877717649,2.5502151373229776,2.5408493166394743,2.542010877717649,2879966
2020-07-20,2.5363861898129163,2.545706567648613,2.5141798124773413,2.5363861898129163,9538634
2020-07-21,2.542239957555419,2.5640264312268366,2.5301284448595043,2.542239957555419,3309017
2020-07-22,2.5013122260997918,2.5247003185830477,2.496654706222817,2.5013122260997918,2082417
2020-07-23,2.539989332550816,2.5575426547679023,2.53522106127644,2.539989332550816,5908810
2020-07-24,2.552848664500768,2.561913861981758,2.547050337756655,2.552848664500768,7053463
2020-07-27,2.543937005766106,2.552509338552956,2.5426780271410596,2.543937005766106,2751598
2020-07-28,2.5263018550646708,2.533925372566037,2.506530198928592,2.5263018550646708,6289862
2020-07-29,2.5529559984822168,2.5732739557692446,2.5523125835184506,2.5529559984822168,4071034
2020-07-30,2.5620490874497595,2.5704969619631797,2.557131351493663,2.5620490874497595,2375060
2020-07-31,2.5747750590212597,2.586923384964462,2.549742872789439,2.5747750590212597,9904947
2020-08-03,2.5720022530188205,2.5962560387935754,2.5615110636022456,2.5720022530188205,3204177
2020-08-04,2.584156424617782,2.590977891555104,2.5709144662788863,2.584156424617782,3771558
2020-08-05,2.598763307872173,2.608034389638951,2.5933699675634534,2.598763307872173,2590157
2020-08-06,2.612232646459966,2.63346787907942,2.5992212187928425,2.612232646459966,4805020
2020-08-07,2.654105108561903,2.678790283081748,2.6514860779151483,2.654105108561903,8205756
2020-08-10,2.6395727931298296,2.649699630475546,2.6132748507144634,2.6395727931298296,6917831
2020-08-11,2.6174612177019436,2.6198830499144936,2.607786947626106,2.6174612177019436,4048510
2020-08-12,2.626728565556695,2.6322207344673623,2.626534111195354,2.626728565556695,3236901
2020-08-13,2.6253046696350557,2.6278550621053376,2.6026435467818705,2.6253046696350557,4222953
2020-08-14,2.5928460393452952,2.618680981419301,2.5671892566569676,2.5928460393452952,8109927
2020-08-17,2.57047020600516,2.5898827198745518,2.556047867676685,2.57047020600516,2619709
2020-08-18,2.598943193495205,2.617327025765792,2.580885488644367,2.598943193495205,7467107
2020-08-19,2.6198311998581563,2.625625530087269,2.6003221278782944,2.6198311998581563,1947483
2020-08-20,2.592249703828953,2.6160798962626797,2.5908248652065984,2.592249703828953,2628484
2020-08-21,2.5997433575004534,2.6018558013167223,2.5929479105263824,2.5997433575004534,5596474
2020-08-24,2.5884983120786447,2.591026148165981,2.583154289630925,2.5884983120786447,6760444
2020-08-25,2.5862490309216355,2.5886189847391656,2.5633576336924437,2.5862490309216355,9445357
2020-08-26,2.5832375648170447,2.601418013404559,2.5816448536741166,2.5832375648170447,9668390
2020-08-27,2.5669624725790285,2.5817655526768797,2.5437555607479845,2.5669624725790285,1750133
2020-08-28,2.5460268437099587,2.564467048437011,2.5447328269946667,2.5460268437099587,5034704
2020-08-31,2.5469703538290602,2.559962520452095,2.542218282095544,2.5469703538290602,7755462
2020-09-01,2.5311644233922577,2.5523152871616586,2.513743207937841,2.5311644233922577,3674822
2020-09-02,2.530372466063599,2.533901371497239,2.5105381132871627,2.530372466063599,4800984
2020-09-03,2.556994204470237,2.563340259755649,2.545466784790356,2.556994204470237,7154319
2020-09-04,2.5816036461474274,2.5856099392283176,2.556180639164151,2.5816036461474274,8844820
2020-09-07,2.5672950715897134,2.5783199629328952,2.556111520408125,2.5672950715897134,7118594
2020-09-08,2.5422485537972124,2.5537529282683726,2.5274066738946837,2.5422485537972124,7671454
2020-09-09,2.5313904351779732,2.5518087245904675,2.522244542813596,2.5313904351779732,9629011
2020-09-10,2.5255158522059284,2.538080786904585,2.5098752740023724,2.5255158522059284,7591650
2020-09-11,2.5358944334231044,2.5537353725622545,2.526377411512365,2.5358944334231044,8277020
2020-09-14,2.5344294325104832,2.550884114397229,2.515670975873832,2.5344294325104832,9763261
2020-09-15,2.501683424952015,2.5180144463115375,2.484632761031614,2.501683424952015,4111103
2020-09-16,2.4898829160739804,2.490249683217234,2.478912031753416,2.4898829160739804,3296049
2020-09-17,2.498514683650311,2.500339325529399,2.4935907112603486,2.498514683650311,3695779
2020-09-18,2.512954262505457,2.5280955314082436,2.499511672340416,2.512954262505457,5315214
2020-09-21,2.5085739143302,2.522022741484403,2.5027640290750757,2.5085739143302,4961804
2020-09-22,2.4869581149372912,2.5021815930581632,2.4717246083543927,2.4869581149372912,5387233
2020-09-23,2.5245595949520556,2.5321653029509754,2.5071499852307526,2.5245595949520556,6077686
2020-09-24,2.5322843337444016,2.5543297790143713,2.52220302316273,2.5322843337444016,8761589
2020-09-25,2.539536162571702,2.542106240116592,2.520931625033688,2.539536162571702,9662196
2020-09-28,2.51768879653482,2.525776515964206,2.5105784232921957,2.51768879653482,1948085
2020-09-29,2.515817576287514,2.526525101773632,2.5064491859503932,2.515817576287514,7990561
2020-09-30,2.4950059543898067,2.5044059446443696,2.4853152632335163,2.4950059543898067,6287914
2020-10-01,2.4736838087770945,2.476400821555475,2.472934810978195,2.4736838087770945,1464820
2020-10-02,2.454268003142041,2.4600165430233636,2.4298099613891617,2.454268003142041,9568352
2020-10-05,2.483438065858767,2.483481322346551,2.4779685893282224,2.483438065858767,4720252
2020-10-06,2.4843949529512113,2.5023525680301106,2.4629831273771545,2.4843949529512113,5966927
2020-10-07,2.447231442195813,2.464690598741448,2.427576396106231,2.447231442195813,1229915
2020-10-08,2.4526790498954347,2.4667666657391547,2.451520083042775,2.4526790498954347,1438888
2020-10-09,2.463991835421745,2.4839235070760464,2.4521667295198952,2.463991835421745,4546293
2020-10-12,2.48110696505055,2.4991966699874073,2.4631890740096325,2.48110696505055,5024806
2020-10-13,2.4969825462907576,2.505694312778178,2.4818858404519,2.4969825462907576,7143073
2020-10-14,2.5063159224201446,2.5113593908339222,2.5025666066465417,2.5063159224201446,4882217
2020-10-15,2.505146532530626,2.5227073132578526,2.4894328739448737,2.505146532530626,7058094
2020-10-16,2.538009287985505,2.5603617991219316,2.5136185547610017,2.538009287985505,6254974
2020-10-19,2.4789634718139713,2.503402647917489,2.4739445593596248,2.4789634718139713,6084752
2020-10-20,2.4811097937706212,2.4921459710836347,2.4608534657677668,2.4811097937706212,5221054
2020-10-21,2.4403887168752427,2.46133152420454,2.421200274289553,2.4403887168752427,7054843
2020-10-22,2.4217707397093053,2.44308287056848,2.411797209959116,2.4217707397093053,8305274
2020-10-23,2.4441075589349683,2.4619559565611078,2.4285823239256703,2.4441075589349683,7003683
2020-10-26,2.453228642547486,2.4721410996671476,2.4434290920689734,2.453228642547486,4678891
2020-10-27,2.473543561002374,2.4746317376785205,2.465454412379174,2.473543561002374,6310776
2020-10-28,2.4958264027812147,2.506836824775529,2.472589056382729,2.4958264027812147,4584179
2020-10-29,2.4909814615279475,2.496378184824174,2.4663718466321805,2.4909814615279475,8471921
2020-10-30,2.4908720447986337,2.5141257741694654,2.471208989088308,2.4908720447986337,7389133
2020-11-02,2.4680709831164407,2.483786351060473,2.4602055132332876,2.4680709831164407,1736288
2020-11-03,2.43879730813373,2.4599589961867654,2.4376169153263296,2.43879730813373,5759355
2020-11-04,2.447169416826904,2.4478604455389066,2.4420304282428167,2.447169416826904,7121654
2020-11-05,2.4651374237622434,2.4721893233601575,2.4406409050471294,2.4651374237622434,3659701
2020-11-06,2.503652107009639,2.509987326925931,2.489785733867567,2.503652107009639,8590784
2020-11-09,2.481283662195585,2.482377383155081,2.4751270151370535,2.481283662195585,8114580
2020-11-10,2.4448224511602126,2.457985282446686,2.4374650632887422,2.4448224511602126,5411461
2020-11-11,2.4357036289234246,2.4462105382779114,2.4331749227676243,2.4357036289234246,3303039
2020-11-12,2.4434650359008288,2.455063788551331,2.43683820719535,2.4434650359008288,2659729
2020-11-13,2.466649994231156,2.475620286681642,2.459976450672881,2.466649994231156,9380657
2020-11-16,2.4613900219927958,2.469677332738829,2.438754813917531,2.4613900219927958,4676201
2020-11-17,2.483777389430895,2.5060956369020495,2.4651821285528026,2.483777389430895,2491824
2020-11-18,2.4775008022966865,2.4827567602500893,2.4557910192540495,2.4775008022966865,2808405
2020-11-19,2.466518193779475,2.46751213131933,2.459107712139632,2.466518193779475,8396363
2020-11-20,2.492583178517622,2.4954812749946638,2.48948715158622,2.492583178517622,3686152
2020-11-23,2.464764059777736,2.4713741287319544,2.455864029938294,2.464764059777736,5888297
2020-11-24,2.4367350254016076,2.4497877629710545,2.421192213391651,2.4367350254016076,5413369
2020-11-25,2.4338460800439097,2.4364934699113427,2.4209510170105286,2.4338460800439097,8386565
2020-11-26,2.398446495224597,2.416688034998897,2.3907709194417284,2.398446495224597,8958241
2020-11-27,2.3853806269349924,2.390204711411091,2.382842776373608,2.3853806269349924,6141587
2020-11-30,2.3823617637409322,2.3887062519835767,2.368247878996398,2.3823617637409322,6844604
2020-12-01,2.389899069242861,2.399372995319694,2.3814691185870047,2.389899069242861,1967079
2020-12-02,2.3761042862255395,2.3782621886155866,2.362937917621706,2.3761042862255395,9215708
2020-12-03,2.3997969482565042,2.402744288632456,2.3965239612142226,2.3997969482565042,3233664
2020-12-04,2.376073318694604,2.386890831989428,2.3713050733674486,2.376073318694604,2478561
2020-12-07,2.4106028732530933,2.4286173842233882,2.408654730610391,2.4106028732530933,1903289
2020-12-08,2.424741785045843,2.4410563673794186,2.409365175886475,2.424741785045843,1206253
2020-12-09,2.4802389827730558,2.501562537245894,2.4796764060667247,2.4802389827730558,7000751
2020-12-10,2.4963303427723234,2.5202449010299395,2.4772113667479623,2.4963303427723234,5780567
2020-12-11,2.479979146499093,2.49299129448946,2.466253241541686,2.479979146499093,9346808
2020-12-14,2.4804719178000343,2.4884295562183296,2.455985351600305,2.4804719178000343,2876656
2020-12-15,2.497999774095376,2.50521874946581,2.4742316528621395,2.497999774095376,8469621
2020-12-16,2.504596965014676,2.5168874461526523,2.498517837834233,2.504596965014676,2360173
2020-12-17,2.5047365199335125,2.5051588786694947,2.480564107187647,2.5047365199335125,7309286
2020-12-18,2.4874910760758646,2.5010881263739226,2.4630570323410734,2.4874910760758646,6547450
2020-12-21,2.4832208968095615,2.4990684264581304,2.4817624017593216,2.4832208968095615,6398500
2020-12-22,2.5153515564870443,2.5291405283499726,2.494633897976508,2.5153515564870443,6325293
2020-12-23,2.5247369568175833,2.533920976353418,2.5222754988662177,2.5247369568175833,4854762
2020-12-24,2.504508449276877,2.5165751442113646,2.49339750628927,2.504508449276877,3586955
2020-12-25,2.5303621554207067,2.5535792948037606,2.506887103453399,2.5303621554207067,1550728
2020-12-28,2.542944149687685,2.5449992282656284,2.5364282645058296,2.542944149687685,5858581
2020-12-29,2.542423070144148,2.556936029109475,2.5184879708203156,2.542423070144148,8216054
2020-12-30,2.5598654292868233,2.5630556106466336,2.5500142450140584,2.5598654292868233,7642309
2020-12-31,2.57920603849386,2.579902065657764,2.5623923342397243,2.57920603849386,7109386
2021-01-01,2.556408656539442,2.5812588570138066,2.545826449826144,2.556408656539442,6386014
2021-01-04,2.5860249013501617,2.587829360067041,2.5754475575257185,2.5860249013501617,6841019
2021-01-05,2.5859654735555306,2.5930884572874913,2.5853952701697827,2.5859654735555306,9212301
2021-01-06,2.581635328192678,2.6045232244406065,2.5732299614251852,2.581635328192678,1098965
2021-01-07,2.5735157535076114,2.5806284020198484,2.5717525354140607,2.5735157535076114,1994444
2021-01-08,2.605051443555481,2.6084428270786075,2.5808804030940884,2.605051443555481,4980540
2021-01-11,2.5950376628632945,2.6009851030226034,2.594708714319726,2.5950376628632945,7714940
2021-01-12,2.572585268988887,2.58825173488564,2.5694033224722927,2.572585268988887,7245525
2021-01-13,2.5858319444412565,2.594388625663129,2.574596052397065,2.5858319444412565,2956745
2021-01-14,2.5646878418897474,2.589860467069744,2.5452261402862644,2.5646878418897474,5538550
2021-01-15,2.5789829148157466,2.5845938187696,2.578369347304099,2.5789829148157466,5850659
2021-01-18,2.5644783460138147,2.569635297762435,2.5396586037825304,2.5644783460138147,5526393
2021-01-19,2.607438773973742,2.6093945645276326,2.600845565798247,2.607438773973742,7577758
2021-01-20,2.6171482283364913,2.6180025922090415,2.6047625346596726,2.6171482283364913,5059203
2021-01-21,2.608621221658956,2.616234953154317,2.5829947181208,2.608621221658956,9003981
2021-01-22,2.6101362109972936,2.630877431387851,2.600071440537407,2.6101362109972936,5723955
2021-01-25,2.6483015482736665,2.6511939621323104,2.6448879939123575,2.6483015482736665,2768578
2021-01-26,2.671639338574931,2.6952169913943913,2.65701076238543,2.671639338574931,4200606
2021-01-27,2.681845556167426,2.6912024090016593,2.6673371517641917,2.681845556167426,8099157
2021-01-28,2.6720643861096156,2.682107916987985,2.6559522711737125,2.6720643861096156,9169840
2021-01-29,2.665191641476063,2.66960651483756,2.642951513015148,2.665191641476063,7105213
2021-02-01,2.690781545936161,2.696748510390537,2.6678583960063205,2.690781545936161,4934606
2021-02-02,2.689955319959623,2.6951510125959692,2.6769494183179527,2.689955319959623,1011451
2021-02-03,2.672667671126911,2.67912246101497,2.6673316166138545,2.672667671126911,1360855
2021-02-04,2.6490689793507114,2.653225582530039,2.6250148974144416,2.6490689793507114,5035639
2021-02-05,2.6584827924442687,2.6769497298082903,2.6570819948646123,2.6584827924442687,4986920
2021-02-08,2.655402927670958,2.6722946638681226,2.6390957846441094,2.655402927670958,3036702
2021-02-09,2.6774610279289406,2.693850236697968,2.653879158295372,2.6774610279289406,8548902
2021-02-10,2.6423654889498294,2.6679966509542514,2.6262524063684793,2.6423654889498294,7075121
2021-02-11,2.6227741201104338,2.6260264238234927,2.5981132475611597,2.6227741201104338,2008387
2021-02-12,2.6189514107224374,2.624246167308397,2.59419851897743,2.6189514107224374,7285969
2021-02-15,2.607067065752507,2.6099206196506235,2.586113734410167,2.607067065752507,1823984
2021-02-16,2.6265265059524365,2.6496006384785793,2.6095583635754114,2.6265265059524365,5955189
2021-02-17,2.632241949977398,2.635202645623646,2.6163196438030223,2.632241949977398,1129291
2021-02-18,2.6223403696060954,2.635465962592023,2.62098658300719,2.6223403696060954,9417225
2021-02-19,2.6007620734117247,2.60223149767833,2.582368808139626,2.6007620734117247,2748507
2021-02-22,2.617570922867068,2.625073101472355,2.609909204082115,2.617570922867068,7672133
2021-02-23,2.5845950120793626,2.6067110229558295,2.577859346813619,2.5845950120793626,6111451
2021-02-24,2.5895564829875055,2.603281717395873,2.5730889831839345,2.5895564829875055,8698674
2021-02-25,2.5844426087056203,2.6015765286565373,2.570259633944852,2.5844426087056203,7307417
2021-02-26,2.589676507116845,2.613530684172463,2.5712587382802345,2.589676507116845,1365294
2021-03-01,2.6056288396998983,2.6069213763431383,2.595823903287125,2.6056288396998983,5870204
2021-03-02,2.5988605164288714,2.618921023293747,2.574262016340163,2.5988605164288714,4014331
2021-03-03,2.5896809563607985,2.6023383566627163,2.582558506338762,2.5896809563607985,9467921
2021-03-04,2.6178391065802655,2.6412216528409034,2.6006399419104618,2.6178391065802655,6044863
2021-03-05,2.6139648823699697,2.635057781076829,2.6115923392822773,2.6139648823699697,8663518
2021-03-08,2.655920544223755,2.6661853875841306,2.645126468487754,2.655920544223755,4296742
2021-03-09,2.6534220041225263,2.6579603365673177,2.6472483624819874,2.6534220041225263,3727220
2021-03-10,2.687591938073961,2.7103530993349674,2.6623936445603027,2.687591938073961,9815919
2021-03-11,2.6315415685938257,2.650916225945827,2.615428898529731,2.6315415685938257,4193360
2021-03-12,2.58983214535546,2.6053817398412122,2.5718110304683512,2.58983214535546,4964560
2021-03-15,2.600336775052465,2.602284878052993,2.5796923041132227,2.600336775052465,9151202
2021-03-16,2.6161959261984604,2.621497092695803,2.6096331351498256,2.6161959261984604,7259869
2021-03-17,2.6430234391745024,2.664875186835566,2.623457723612958,2.6430234391745024,6606245
2021-03-18,2.6377147145169335,2.6567311476221147,2.6158167973072595,2.6377147145169335,8627192
2021-03-19,2.6308482503612978,2.632388448782622,2.610815096105804,2.6308482503612978,1514544
2021-03-22,2.623945353344773,2.6396314485069974,2.6118307800128004,2.623945353344773,7085409
2021-03-23,2.6491359039372804,2.6499464488191964,2.6250066502102194,2.6491359039372804,9943507
2021-03-24,2.6142489235363047,2.614670299972399,2.605160532358068,2.6142489235363047,3947077
2021-03-25,2.6073497882311782,2.608735453015045,2.601745844809549,2.6073497882311782,8121772
2021-03-26,2.566545967135545,2.5668893981765817,2.5494516598745123,2.566545967135545,5164341
2021-03-29,2.55980106652886,2.564311563089271,2.539685085819182,2.55980106652886,5025018
2021-03-30,2.564946720929136,2.585921816441331,2.549257901111099,2.564946720929136,1171394
2021-03-31,2.574499932492481,2.591884252063328,2.5631901255425977,2.574499932492481,5586510
2021-04-01,2.5767931889218048,2.578370867699469,2.5706556853404567,2.5767931889218048,8856917
2021-04-02,2.5640533148586013,2.5661270068840767,2.546334026517175,2.5640533148586013,2435884
2021-04-05,2.576651622080581,2.5942797808873346,2.562861764750312,2.576651622080581,3965525
2021-04-06,2.5580464044951667,2.562504048031305,2.5512221563061575,2.5580464044951667,2505748
2021-04-07,2.5585857641656657,2.582556464873429,2.5540959587293224,2.5585857641656657,8704764
2021-04-08,2.5209150020923587,2.5358030794093267,2.498008819103505,2.5209150020923587,7443347
2021-04-09,2.5343200544297346,2.556587265921107,2.514076646230242,2.5343200544297346,1574095
2021-04-12,2.5508933269983762,2.56462150641946,2.5421763599517493,2.5508933269983762,1423361
2021-04-13,2.5833630419135045,2.5833961540105386,2.5745235898090617,2.5833630419135045,9807422
2021-04-14,2.567789751644738,2.5810112685891773,2.5583311687674795,2.567789751644738,6525088
2021-04-15,2.5507996146389416,2.55890496418847,2.525968378988934,2.5507996146389416,1139373
2021-04-16,2.5497124180445994,2.5651424061844743,2.5269732106119025,2.5497124180445994,8120946
2021-04-19,2.574975182230093,2.582737156132068,2.5564902017401447,2.574975182230093,8793451
2021-04-20,2.608744937571172,2.613929501287591,2.5971964028267047,2.608744937571172,9331264
2021-04-21,2.5881974490412185,2.599205960439891,2.5784903537336104,2.5881974490412185,9634307
2021-04-22,2.5759725525500143,2.5982415252099784,2.5674402112938512,2.5759725525500143,5701166
2021-04-23,2.5834805194092385,2.597445561584977,2.579641721974605,2.5834805194092385,4469857
2021-04-26,2.566155440298103,2.5845270389352875,2.5441907005523516,2.566155440298103,9840521
2021-04-27,2.5441627321858236,2.5690981591826776,2.5210183372297186,2.5441627321858236,1457566
2021-04-28,2.553686766398759,2.5698051566615616,2.5518875342869016,2.553686766398759,6221757
2021-04-29,2.5230460174923017,2.543079988489298,2.504087936642796,2.5230460174923017,8624284
2021-04-30,2.509664247999691,2.5217924185645506,2.4902982839354726,2.509664247999691,5638671
2021-05-03,2.473047655940907,2.4863607313087672,2.450928938150909,2.473047655940907,1189259
2021-05-04,2.4984651982745953,2.5114988384567614,2.4980603896797287,2.4984651982745953,9316648
2021-05-05,2.512490985984716,2.521733088810202,2.4895081382610957,2.512490985984716,8302922
2021-05-06,2.4843874321755557,2.4886785733520367,2.4643673644209394,2.4843874321755557,5111622
2021-05-07,2.5054603919936214,2.5056326225067784,2.481388205459559,2.5054603919936214,4198425
2021-05-10,2.4553457319659815,2.464357441944301,2.4497818216679037,2.4553457319659815,1900210
2021-05-11,2.410424033995352,2.423727841258345,2.4052093603985805,2.410424033995352,2534403
2021-05-12,2.4170762639508463,2.433679680153187,2.3982415673055155,2.4170762639508463,3119431
2021-05-13,2.414814471493117,2.434912868187606,2.4052980037613305,2.414814471493117,8157777
2021-05-14,2.4526847836757453,2.466377046156824,2.428664551129823,2.4526847836757453,1235380
2021-05-17,2.4552630070882926,2.459318085884173,2.4382553113265524,2.4552630070882926,8702607
2021-05-18,2.439143827014956,2.456707755680797,2.4269237127418823,2.439143827014956,3293273
2021-05-19,2.459761298197127,2.473127771412756,2.442465258120001,2.459761298197127,2641918
2021-05-20,2.4521090229580618,2.458767234803073,2.4300066803972857,2.4521090229580618,3606132
2021-05-21,2.4789078605197172,2.4893769134510393,2.4577279047595852,2.4789078605197172,5595177
2021-05-24,2.4873512166439706,2.4922463058966606,2.473125850284502,2.4873512166439706,3141912
2021-05-25,2.500712121046878,2.5124812905926657,2.495284209390445,2.500712121046878,2365242
2021-05-26,2.4965483247426725,2.5162200119680516,2.476795230987334,2.4965483247426725,9323721
2021-05-27,2.5370558683898126,2.5567315496475294,2.5283638333243506,2.5370558683898126,3049480
2021-05-28,2.5449126534357807,2.550584551472029,2.5328393272907865,2.5449126534357807,6156669
2021-05-31,2.5083488641315457,2.531647567562668,2.4857110882892743,2.5083488641315457,7666036
2021-06-01,2.495749565791456,2.505005655888997,2.4773218668311596,2.495749565791456,6748177
2021-06-02,2.476385974226053,2.491906504689264,2.4665915458329044,2.476385974226053,7001651
2021-06-03,2.494894982968798,2.504298420138339,2.487638971378349,2.494894982968798,9275679
2021-06-04,2.4721892942460197,2.491942789976824,2.4718842653015365,2.4721892942460197,9414795
2021-06-07,2.499485815890497,2.514323959745465,2.4844750634306996,2.499485815890497,2171835
2021-06-08,2.5011182797339653,2.5260523710812723,2.4851136002618763,2.5011182797339653,1750177
2021-06-09,2.5005440967345702,2.502359497527537,2.4961556737177126,2.5005440967345702,4094721
2021-06-10,2.4862392971991802,2.49380555060186,2.463084035904172,2.4862392971991802,6242959
2021-06-11,2.5098253072540118,2.518503974332949,2.5077408679426636,2.5098253072540118,9683868
2021-06-14,2.4803548454714113,2.4932680422601408,2.461730880869658,2.4803548454714113,2021341
2021-06-15,2.500498787085702,2.522078274618751,2.4764165306777404,2.500498787085702,7184263
2021-06-16,2.552875130270441,2.567413934334175,2.5422164869893695,2.552875130270441,2431128
2021-06-17,2.5472962925985287,2.571827329205752,2.533789803874109,2.5472962925985287,1610476
2021-06-18,2.554805376368918,2.5684357682021823,2.5537537225197497,2.554805376368918,6105619
2021-06-21,2.526032126739323,2.535530358505042,2.5101905480358164,2.526032126739323,7862319
2021-06-22,2.529136897714504,2.5426721965635672,2.510213051380567,2.529136897714504,8561345
2021-06-23,2.484794713481252,2.497521627778067,2.475484402901626,2.484794713481252,5718858
2021-06-24,2.4862074119256476,2.5066031135213844,2.480196065839321,2.4862074119256476,3006959
2021-06-25,2.501487680211932,2.5111740515523957,2.488102219277831,2.501487680211932,4492548
2021-06-28,2.4886197503607237,2.506856513665551,2.485231080702836,2.4886197503607237,6262340
2021-06-29,2.4802767366904224,2.492719660101438,2.46721063656331,2.4802767366904224,5031617
2021-06-30,2.505887525416667,2.5222052326612148,2.493547620202196,2.505887525416667,4586183
2021-07-01,2.513079866204517,2.522141595888698,2.4901543457673725,2.513079866204517,7899430
2021-07-02,2.5236637097222854,2.5280846488359443,2.5183086568014983,2.5236637097222854,9027352
2021-07-05,2.527654456644698,2.5346129028774964,2.504306937369754,2.527654456644698,8065409
2021-07-06,2.5357915997909646,2.5521340759027953,2.532810989503299,2.5357915997909646,8867421
2021-07-07,2.5416510757485424,2.5627166087471958,2.5262373628864996,2.5416510757485424,7119136
2021-07-08,2.5113837213139574,2.5193887271354916,2.5081056239103137,2.5113837213139574,7208482
2021-07-09,2.496776833809422,2.521456257959849,2.493303316465468,2.496776833809422,2394945
2021-07-12,2.4673564942350956,2.479752420206001,2.4467290428045096,2.4673564942350956,3469147
2021-07-13,2.4636791962634534,2.4695506408972685,2.440029364704366,2.4636791962634534,3884584
2021-07-14,2.4581870441251694,2.4668045522115656,2.4459108634144835,2.4581870441251694,3462067
2021-07-15,2.4701686200079562,2.493081476746965,2.454529393019992,2.4701686200079562,4577096
2021-07-16,2.4427022593846774,2.444253536865548,2.430605778545459,2.4427022593846774,2136462
2021-07-19,2.4090169422451457,2.4301269828485794,2.3997950605132834,2.4090169422451457,4310910
2021-07-20,2.389655504496364,2.41146714481687,2.375857143270707,2.389655504496364,9670249
2021-07-21,2.419611887621273,2.4432780906501526,2.4166157330618376,2.419611887621273,7990312
2021-07-22,2.4496703414215353,2.454953747792266,2.4378038547320102,2.4496703414215353,5279406
2021-07-23,2.474544141652229,2.484525417321415,2.4568638865984433,2.474544141652229,1280667
2021-07-26,2.4706991617582403,2.4727588215446783,2.464942978862964,2.4706991617582403,3693158
2021-07-27,2.46885985209727,2.4867589434673207,2.4602992129988386,2.46885985209727,2368698
2021-07-28,2.4461948071586095,2.4572403101974207,2.442963879398586,2.4461948071586095,8390264
2021-07-29,2.427743560035477,2.431704587997902,2.4161562987144154,2.427743560035477,7613205
2021-07-30,2.4469146546141527,2.459506509353926,2.428911966601367,2.4469146546141527,7627971
2021-08-02,2.4548641412384287,2.471107230350544,2.435154855481117,2.4548641412384287,7174238
2021-08-03,2.458009033447129,2.4731777544722178,2.4390198451494043,2.458009033447129,7692685
2021-08-04,2.485083933024182,2.499152315317238,2.4850368205617404,2.485083933024182,5124816
2021-08-05,2.4702017458838403,2.48469197616636,2.452431337191979,2.4702017458838403,2871555
2021-08-06,2.482728647716103,2.504317359281236,2.4622228926636858,2.482728647716103,7178097
2021-08-09,2.46541266260687,2.4733982774101055,2.4447313625065275,2.46541266260687,1106797
2021-08-10,2.453838429431712,2.465581308212929,2.439236993609886,2.453838429431712,2462291
2021-08-11,2.45999048520603,2.4682034655950087,2.447987662367135,2.45999048520603,3009180
2021-08-12,2.463158593887316,2.4798606523430804,2.439503879854013,2.463158593887316,2543549
2021-08-13,2.4495718471956547,2.4589015948685096,2.429195335323785,2.4495718471956547,5305610
2021-08-16,2.4824861824193505,2.497761900317812,2.471333961488778,2.4824861824193505,1738062
2021-08-17,2.4727011066661717,2.492356781647007,2.4697525430970884,2.4727011066661717,9227140
2021-08-18,2.4833921041100675,2.4969757109036133,2.4658661046144563,2.4833921041100675,5568011
2021-08-19,2.471943912395675,2.4954784421229905,2.4656008036843704,2.471943912395675,3136919
2021-08-20,2.473786744935657,2.4862494907668675,2.4683950314818897,2.473786744935657,4218134
2021-08-23,2.4867285967272763,2.493528352337952,2.4627639436125173,2.4867285967272763,5595616
2021-08-24,2.4873791001152807,2.51005377052945,2.4675571181777327,2.4873791001152807,1785371
2021-08-25,2.478927358682863,2.495218840785225,2.4775679265919277,2.478927358682863,7468045
2021-08-26,2.493788937361903,2.5149020677791905,2.491910680031229,2.493788937361903,7567156
2021-08-27,2.5040113264311237,2.517678727502431,2.5007893816969875,2.5040113264311237,2466370
2021-08-30,2.521294787598084,2.5377721723137823,2.505669089404419,2.521294787598084,2444311
2021-08-31,2.494229707504769,2.5087146378475538,2.4720014361271514,2.494229707504769,3414278
2021-09-01,2.4752950383436105,2.4924898528614254,2.4644291689407205,2.4752950383436105,3913295
2021-09-02,2.489362775223346,2.511214003353973,2.479816277178652,2.489362775223346,8450282
2021-09-03,2.5126604310984324,2.5328194971030205,2.5020650750815805,2.5126604310984324,8692521
2021-09-06,2.502760848705975,2.5163344086378245,2.4956589479437965,2.502760848705975,9790347
2021-09-07,2.517678554992069,2.533661882453114,2.4956416843795237,2.517678554992069,4084963
2021-09-08,2.5592037347616525,2.576615993602753,2.556489024357226,2.5592037347616525,7814672
2021-09-09,2.5983342266063985,2.6078254359285897,2.5770282403609226,2.5983342266063985,7931583
2021-09-10,2.5857587102871515,2.593980561651689,2.5633642197138715,2.5857587102871515,4971697
2021-09-13,2.581023206356479,2.584375997570906,2.5591955370087174,2.581023206356479,8583514
2021-09-14,2.606811052176669,2.6120770105419653,2.5970893665268213,2.606811052176669,3014018
2021-09-15,2.64394978755449,2.647290976712092,2.631686462188333,2.64394978755449,3964867
2021-09-16,2.6439422506769255,2.644900007076802,2.619425873130291,2.6439422506769255,4836711
2021-09-17,2.6472672408698834,2.655067811441584,2.6369836207001005,2.6472672408698834,6739926
2021-09-20,2.644168837279504,2.6505643441093905,2.6412769046154305,2.644168837279504,3636592
2021-09-21,2.6148213844087076,2.627112340656058,2.610061681557831,2.6148213844087076,8109623
2021-09-22,2.608575917058895,2.6243293625465256,2.58610554442365,2.608575917058895,6514155
2021-09-23,2.569568899933061,2.583502878530615,2.564729293997388,2.569568899933061,2513382
2021-09-24,2.541999550208143,2.5423980064286913,2.5315743399072828,2.541999550208143,2756493
2021-09-27,2.544302475049593,2.5503594943038403,2.5345673123736288,2.544302475049593,6365207
2021-09-28,2.5653499765587857,2.5822556518975617,2.551567393179,2.5653499765587857,1435187
2021-09-29,2.572143336285475,2.5814411788842437,2.551677294279146,2.572143336285475,3908364
2021-09-30,2.587656214095118,2.600043798532247,2.5676065766756473,2.587656214095118,6775475
2021-10-01,2.563901539281722,2.57675829078228,2.5624671043490364,2.563901539281722,3585107
2021-10-04,2.5934213360871468,2.6177400938476145,2.5689511065602355,2.5934213360871468,6190482
2021-10-05,2.5543236126335604,2.5729491587887967,2.53543119433535,2.5543236126335604,4701489
2021-10-06,2.5279690237044727,2.547391391334293,2.504468132233094,2.5279690237044727,3593981
2021-10-07,2.573735070186988,2.5782109300347686,2.5615148804269983,2.573735070186988,9229927
2021-10-08,2.571532315341379,2.584874051966069,2.546779800901533,2.571532315341379,2687051
2021-10-11,2.601666744165107,2.602999144922543,2.5992286277408514,2.601666744165107,5577779
2021-10-12,2.5755149434636824,2.586347900898519,2.570262062896227,2.5755149434636824,8148975
2021-10-13,2.5587039331004204,2.5766577835611577,2.54383358247219,2.5587039331004204,4596372
2021-10-14,2.556426323964543,2.5584672877957737,2.540113507079365,2.556426323964543,6538954
2021-10-15,2.551740664484299,2.5714997520846765,2.537464386163916,2.551740664484299,6885297
2021-10-18,2.556839564015167,2.581452971507126,2.5404411605609782,2.556839564015167,7221933
2021-10-19,2.546504636704766,2.5489104975285395,2.5221573369159,2.546504636704766,5209237
2021-10-20,2.5154253747283546,2.540377585346308,2.4942437672371303,2.5154253747283546,3631036
2021-10-21,2.494131871947969,2.494755372466376,2.4792172217428705,2.494131871947969,6705835
2021-10-22,2.5066693507113067,2.5178758464086943,2.5035963927606217,2.5066693507113067,3492581
2021-10-25,2.5100180978684805,2.520568699107498,2.501170839511529,2.5100180978684805,4941005
2021-10-26,2.5198071076939312,2.522663417904315,2.5131585875358597,2.5198071076939312,4509725
2021-10-27,2.5381315930734716,2.5449298986635784,2.5335451978348544,2.5381315930734716,2614963
2021-10-28,2.5698415483872044,2.5912302365923945,2.564147566708879,2.5698415483872044,4026511
2021-10-29,2.5574509008328024,2.558467138483493,2.5525688513813707,2.5574509008328024,9303195
2021-11-01,2.5446834570940178,2.551391225914758,2.5209476657857435,2.5446834570940178,7707383
2021-11-02,2.522768296256448,2.5391647959139703,2.507325489274077,2.522768296256448,4411299
2021-11-03,2.551155471016921,2.5641452794081956,2.54489489732189,2.551155471016921,4921593
2021-11-04,2.570355701988676,2.580594429410418,2.5585484715111013,2.570355701988676,5166515
2021-11-05,2.5779931174232997,2.5981794416780732,2.5647223345526156,2.5779931174232997,5309979
2021-11-08,2.6200978181762835,2.6299762479238895,2.613811543297496,2.6200978181762835,5582788
2021-11-09,2.6292863236668946,2.641052772011064,2.6129568695215153,2.6292863236668946,5357564
2021-11-10,2.6528989585578353,2.6664798625647603,2.6510486923140895,2.6528989585578353,1219145
2021-11-11,2.631156934601024,2.6500994977752033,2.6066463689475876,2.631156934601024,6406196
2021-11-12,2.5988359151755787,2.6185551993087315,2.580630371598499,2.5988359151755787,9743559
2021-11-15,2.591482211718134,2.600253592597871,2.5787602544930035,2.591482211718134,3299324
2021-11-16,2.5832767096504665,2.608934959762516,2.55810507644329,2.5832767096504665,1692054
2021-11-17,2.5783965046514496,2.5810589653654006,2.5603054663874545,2.5783965046514496,1671122
2021-11-18,2.5767654976346637,2.601566564349629,2.5558943666122267,2.5767654976346637,8612096
2021-11-19,2.5627282936050344,2.581651995893356,2.5371962397532655,2.5627282936050344,8494004
2021-11-22,2.5681520291180018,2.5693647428845994,2.5667080843773635,2.5681520291180018,3881006
2021-11-23,2.57565353653886,2.586877887900355,2.557108290136009,2.57565353653886,7994585
2021-11-24,2.572846235370234,2.5765448498947454,2.5708215864504824,2.572846235370234,6122439
2021-11-25,2.570325241385002,2.577831889347475,2.5526540324776694,2.570325241385002,8515509
2021-11-26,2.565980033275585,2.5797509999717483,2.558653469626115,2.565980033275585,4166107
2021-11-29,2.546746797633961,2.561369974812134,2.5267079454581785,2.546746797633961,9960948
2021-11-30,2.546947757580829,2.561342466976585,2.545940210699633,2.546947757580829,4437472
2021-12-01,2.5317923595763276,2.5377605206234284,2.526023992119532,2.5317923595763276,8803768
2021-12-02,2.4946251590998596,2.509273917867633,2.4766673255825866,2.4946251590998596,2931120
2021-12-03,2.4964472835610554,2.5147947427408446,2.476005286485162,2.4964472835610554,7969314
2021-12-06,2.494207801697858,2.496362348948162,2.4760514655974304,2.494207801697858,6951667
2021-12-07,2.486912294827416,2.503029127713838,2.471406482077199,2.486912294827416,6749605
2021-12-08,2.4958615604161216,2.511204867197133,2.4939226408386657,2.4958615604161216,8379973
2021-12-09,2.436667407831568,2.4514983732244904,2.4217499772600783,2.436667407831568,3726705
2021-12-10,2.4673451218424547,2.4744596376913117,2.4578759131334964,2.4673451218424547,6800372
2021-12-13,2.4322408935901576,2.4449335391649996,2.4170354722358494,2.4322408935901576,9785937
2021-12-14,2.4464803504163806,2.452493794936199,2.4389370639615624,2.4464803504163806,1755460
2021-12-15,2.450672228229801,2.4743481804590193,2.434760710596956,2.450672228229801,8710164
2021-12-16,2.475314141541383,2.4816448694013604,2.467412776619279,2.475314141541383,5662268
2021-12-17,2.4672248727726442,2.468639025990532,2.451840364361501,2.4672248727726442,5613232
2021-12-20,2.4853477950418075,2.491933980435391,2.4831245927892422,2.4853477950418075,1122760
2021-12-21,2.501796712549318,2.5149555310052905,2.4930827979779213,2.501796712549318,9909698
2021-12-22,2.496418864689881,2.516015613250777,2.4881342280206757,2.496418864689881,6310351
2021-12-23,2.4920794366201617,2.500718361660691,2.480033748316761,2.4920794366201617,5601117
2021-12-24,2.4720684414254723,2.490989970268855,2.450877787189088,2.4720684414254723,6573748
2021-12-27,2.455553950966829,2.4570051073051937,2.4553268012192393,2.455553950966829,5298349
2021-12-28,2.4703878369822023,2.490732949551787,2.457327728195922,2.4703878369822023,9417021
2021-12-29,2.481611646631589,2.494896965856714,2.4677640430038816,2.481611646631589,7018063
2021-12-30,2.4613427266249284,2.4784962423070622,2.4566280977844306,2.4613427266249284,6274360
2021-12-31,2.4645083361572464,2.482051016744474,2.455207652788004,2.4645083361572464,3356434
2022-01-03,2.4626254765432236,2.471316163244053,2.462390073937249,2.4626254765432236,5933428
2022-01-04,2.4467081045811274,2.4665775761056405,2.426081922165972,2.4467081045811274,4623392
2022-01-05,2.4388043133952495,2.4453155867780763,2.431778655739066,2.4388043133952495,6052691
2022-01-06,2.462025656357382,2.4786031483487334,2.452559422635706,2.462025656357382,2599470
2022-01-07,2.469179076072866,2.4926701885535314,2.454892313719189,2.469179076072866,2981692
2022-01-10,2.479799203169368,2.485158051374488,2.472732324990064,2.479799203169368,6069146
2022-01-11,2.45639156992452,2.460987384956939,2.435593103879997,2.45639156992452,1209640
2022-01-12,2.465161529259761,2.4886370942809672,2.4580137731617184,2.465161529259761,9619013
2022-01-13,2.451909009087297,2.47272400100904,2.4461755310515696,2.451909009087297,1250243
2022-01-14,2.4508734994740027,2.4535864062984634,2.4365929898523797,2.4508734994740027,7558115
2022-01-17,2.450626161254277,2.4724817982792584,2.427090629653608,2.450626161254277,3026609
2022-01-18,2.4477123882920186,2.4697339313037903,2.442681380907722,2.4477123882920186,1434443
2022-01-19,2.44937581951531,2.4624789092022703,2.4266801454072433,2.44937581951531,1116613
2022-01-20,2.4886787963579367,2.495705882463197,2.486347857178833,2.4886787963579367,2428097
2022-01-21,2.4900229141046575,2.497709183400057,2.4712545369640107,2.4900229141046575,4790954
2022-01-24,2.492028319834618,2.508161711630051,2.4872336774011186,2.492028319834618,6212819
2022-01-25,2.5133269793049484,2.5165703874734993,2.5015796293138672,2.5133269793049484,1242057
2022-01-26,2.533497270278124,2.5376855327330627,2.523200218167801,2.533497270278124,6153455
2022-01-27,2.5681216994330596,2.591926808454978,2.547411492431356,2.5681216994330596,2652423
2022-01-28,2.5961514079348245,2.59706639665322,2.578852683110446,2.5961514079348245,8390246
2022-01-31,2.622603050315347,2.62750726252756,2.6068485434705666,2.622603050315347,3952304
2022-02-01,2.6434185275306388,2.647571717616536,2.6387413622728126,2.6434185275306388,5510869
2022-02-02,2.645209994735303,2.6502154475604294,2.621745097635588,2.645209994735303,3061257
2022-02-03,2.6378227083435113,2.639896536121145,2.6344670894907636,2.6378227083435113,8739672
2022-02-04,2.603552419639576,2.609786113568772,2.597180657779687,2.603552419639576,8729422
2022-02-07,2.6130236154209725,2.6199870019712437,2.593288235083259,2.6130236154209725,7673802
2022-02-08,2.612120614911015,2.6173575283117088,2.607654530487039,2.612120614911015,9074393
2022-02-09,2.5876794768665494,2.588496646323495,2.5802345821216326,2.5876794768665494,6602515
2022-02-10,2.621530117591085,2.633206248994779,2.613654778653932,2.621530117591085,2078423
2022-02-11,2.6205005585105874,2.636445305788459,2.6187698369903285,2.6205005585105874,5709519
2022-02-14,2.6402194038040836,2.6503983172110277,2.6163447686480703,2.6402194038040836,3519498
2022-02-15,2.6717387399185006,2.6815716020615503,2.655261160223773,2.6717387399185006,4296457
2022-02-16,2.657157478143435,2.6581986824575297,2.644257106859218,2.657157478143435,2528306
2022-02-17,2.668798748682344,2.68038447669647,2.6515098633996734,2.668798748682344,1576624
2022-02-18,2.7029366873276657,2.7041947236506187,2.6792200903251886,2.7029366873276657,2484443
2022-02-21,2.7213328293475074,2.7337450838004975,2.6957859677690377,2.7213328293475074,8909645
2022-02-22,2.691649492031724,2.7119109292419736,2.6740441526516103,2.691649492031724,3131703
2022-02-23,2.706976102798662,2.7174274549791972,2.6997743840188915,2.706976102798662,6142479
2022-02-24,2.7144971597491283,2.716491808295541,2.6909464627744564,2.7144971597491283,7055969
2022-02-25,2.7310718643245124,2.733253289719383,2.70570351915048,2.7310718643245124,6867042
2022-02-28,2.7259645102366385,2.7507333810889265,2.718440010980046,2.7259645102366385,6878536
2022-03-01,2.6991294295410584,2.699250775347267,2.6783586390320435,2.6991294295410584,3560548
2022-03-02,2.6773306678614874,2.684286402943799,2.6633538958560217,2.6773306678614874,6177641
2022-03-03,2.7277413544745666,2.7463628673698666,2.711291287657693,2.7277413544745666,3963870
2022-03-04,2.715204042786085,2.7200327447637633,2.7066567261006256,2.715204042786085,1560329
2022-03-07,2.718611177979759,2.722486951998277,2.7007646646904084,2.718611177979759,7129614
2022-03-08,2.7795676253125063,2.787371961119268,2.7648150570983363,2.7795676253125063,2169267
2022-03-09,2.7370926465478904,2.753872151010021,2.7133354175395175,2.7370926465478904,1419430
2022-03-10,2.7454216918819796,2.760157487351591,2.7232978963269274,2.7454216918819796,4164602
2022-03-11,2.75305853695809,2.7661720770574085,2.7513815403536137,2.75305853695809,4601237
2022-03-14,2.7190129947003125,2.7203096347353095,2.692044632301943,2.7190129947003125,4039922
2022-03-15,2.750822625125853,2.7783180746080793,2.7419577288959407,2.750822625125853,3101882
2022-03-16,2.739329289793295,2.7665926197715054,2.715471927939075,2.739329289793295,8805354
2022-03-17,2.7223348383002173,2.72640643855398,2.703513530468053,2.7223348383002173,4565713
2022-03-18,2.718262293966543,2.732316812923125,2.701573456149841,2.718262293966543,2862216
2022-03-21,2.6598329547502404,2.681097664239801,2.659203569396131,2.6598329547502404,5336296
2022-03-22,2.6557717765941966,2.6603288353860925,2.650691304137429,2.6557717765941966,6675777
2022-03-23,2.6490636819522035,2.6531384281062445,2.6393044194362165,2.6490636819522035,6511974
2022-03-24,2.6531727287793707,2.6675351572263284,2.6432218592601715,2.6531727287793707,3496039
2022-03-25,2.6854549552737526,2.6993301798224962,2.666985341383185,2.6854549552737526,6774112
2022-03-28,2.6625431398742454,2.66619016499046,2.6439007245889186,2.6625431398742454,8295405
2022-03-29,2.6609000273211896,2.669049453587007,2.6562209707874294,2.6609000273211896,8763501
2022-03-30,2.6498405922027457,2.6716431877420197,2.6317325480276312,2.6498405922027457,1325580
2022-03-31,2.6502336826693496,2.6756917489479397,2.631268316017379,2.6502336826693496,8194599
2022-04-01,2.669902668948298,2.6958777231467543,2.6638773678799708,2.669902668948298,3244876
2022-04-04,2.73383154968943,2.758800833458392,2.7276615969430718,2.73383154968943,6036291
2022-04-05,2.7269142147622754,2.734930788300476,2.701271051523372,2.7269142147622754,1609984
2022-04-06,2.714789370658712,2.736179393953833,2.688453778012836,2.714789370658712,4037803
2022-04-07,2.6737960155230494,2.6860686429577725,2.6607605052777465,2.6737960155230494,9339478
2022-04-08,2.6867200213658036,2.707287203463281,2.682096648866366,2.6867200213658036,5638630
2022-04-11,2.6918115967802283,2.709748961342502,2.66709523527506,2.6918115967802283,4803313
2022-04-12,2.6670134466775792,2.6906087598665973,2.6515832955897736,2.6670134466775792,7423702
2022-04-13,2.6672931355315557,2.685534693383742,2.648418488940053,2.6672931355315557,4971410
2022-04-14,2.6785474681161787,2.6845041492278994,2.6533216898549736,2.6785474681161787,9438298
2022-04-15,2.6681487899573053,2.6688254980769854,2.6542467081287784,2.6681487899573053,1550824
2022-04-18,2.6835367322813624,2.692109794129338,2.66952099863769,2.6835367322813624,7057881
2022-04-19,2.716120468366898,2.7218112601621716,2.709232997558565,2.716120468366898,3889218
2022-04-20,2.706879319060303,2.727621820088891,2.6845866349541296,2.706879319060303,7201419
2022-04-21,2.703803061124499,2.7220456746927777,2.695249075550604,2.703803061124499,6177695
2022-04-22,2.695994414542021,2.7024867620553743,2.6755550992468113,2.695994414542021,9364029
2022-04-25,2.7125056432917716,2.716206024420176,2.712219730240122,2.7125056432917716,4082594
2022-04-26,2.7225437399422745,2.7238684327775866,2.7165464879116343,2.7225437399422745,1147247
2022-04-27,2.717428562986131,2.719691329946113,2.697236144376916,2.717428562986131,7636549
2022-04-28,2.694276676568025,2.715787106149575,2.6776680116155025,2.694276676568025,2431688
2022-04-29,2.69934173171021,2.699839078262482,2.681875487463665,2.69934173171021,7274620
2022-05-02,2.7274622950944165,2.7473695185756513,2.713152442233113,2.7274622950944165,8863947
2022-05-03,2.7287968263333644,2.7388062933444948,2.7220243435833087,2.7287968263333644,8603826
2022-05-04,2.699706191889158,2.7042973740155385,2.6978893253268277,2.699706191889158,6713168
2022-05-05,2.680569856992646,2.6985884727296474,2.6600424794709623,2.680569856992646,2208097
2022-05-06,2.70640059163674,2.7277793176440035,2.696616247736401,2.70640059163674,6055696
2022-05-09,2.700595348568578,2.703143936592455,2.6882890855103496,2.700595348568578,9224263
2022-05-10,2.6847145137312496,2.6871454818556493,2.6681100869318546,2.6847145137312496,5523154
2022-05-11,2.709755340072753,2.7152157466591293,2.7038775909172004,2.709755340072753,6727955
2022-05-12,2.683963509490873,2.6911272967642446,2.662934002053644,2.683963509490873,6875508
2022-05-13,2.688177215164939,2.6978323660482104,2.663182386782925,2.688177215164939,4805545
2022-05-16,2.7033093044153116,2.710358749850221,2.6768277369492837,2.7033093044153116,3389201
2022-05-17,2.7226120322549736,2.7480443525071268,2.7067140063561554,2.7226120322549736,5529592
2022-05-18,2.7312462803949615,2.743436465035373,2.713977163397257,2.7312462803949615,8230980
2022-05-19,2.7394072213714047,2.7414878437473074,2.73692139204848,2.7394072213714047,1237630
2022-05-20,2.735176966345996,2.749098169167614,2.725086254546669,2.735176966345996,9887575
2022-05-23,2.7229671116150334,2.735043622896327,2.716738909504663,2.7229671116150334,4777984
2022-05-24,2.760733818113279,2.7768683825666467,2.744454281476105,2.760733818113279,2278046
2022-05-25,2.7351915664891386,2.7470090069401802,2.7300191456868745,2.7351915664891386,5216686
2022-05-26,2.7582357240936735,2.763691334114608,2.753705491872009,2.7582357240936735,2553239
2022-05-27,2.7581234652632762,2.7816913889790906,2.7486290451706417,2.7581234652632762,9375142
2022-05-30,2.757158400890751,2.7795375021451045,2.730969152003989,2.757158400890751,3090082
2022-05-31,2.7106710452486906,2.7289076241503425,2.7088603696037854,2.7106710452486906,8116199
2022-06-01,2.6969024755520548,2.706701423189683,2.6768328722040593,2.6969024755520548,2078664
2022-06-02,2.7277158060582396,2.7537151458452906,2.727399329851783,2.7277158060582396,1531684
2022-06-03,2.715613996933933,2.738122778220999,2.695349161978901,2.715613996933933,4988432
2022-06-06,2.7268789759389427,2.7490475924543145,2.7185525630172327,2.7268789759389427,9563023
2022-06-07,2.7323655115591046,2.757460482248296,2.7123182038820897,2.7323655115591046,7651738
2022-06-08,2.7393224023076987,2.7511344885582503,2.7191771889355065,2.7393224023076987,8611449
2022-06-09,2.7313676484094733,2.735026008639987,2.714247253098157,2.7313676484094733,6857462
2022-06-10,2.761785450994383,2.7669882269814794,2.758606955272096,2.761785450994383,3743080
2022-06-13,2.7896750749803143,2.8036946798381908,2.7623951386148584,2.7896750749803143,2829511
2022-06-14,2.7839320414102526,2.811346747633904,2.7722610998499784,2.7839320414102526,9824234
2022-06-15,2.7921371939732205,2.8054882447078477,2.775794799630394,2.7921371939732205,2587501
2022-06-16,2.7955864441052887,2.7990199855843247,2.7775433122000353,2.7955864441052887,8885759
2022-06-17,2.7377095588779543,2.744358338758186,2.715539521709195,2.7377095588779543,3194760
2022-06-20,2.768886719856196,2.7716099975104598,2.7580810330290437,2.768886719856196,7468669
2022-06-21,2.7677337000832125,2.7707956633937534,2.7583345012760416,2.7677337000832125,4333484
2022-06-22,2.756617150029654,2.771662076395422,2.736071415419697,2.756617150029654,5039461
2022-06-23,2.7755902451794707,2.8013964814090793,2.7615706226693946,2.7755902451794707,7334819
2022-06-24,2.7858747137708546,2.805589237443387,2.7644075768325638,2.7858747137708546,7552876
2022-06-27,2.8041329176560255,2.8138617942361743,2.8039957689679644,2.8041329176560255,2959213
2022-06-28,2.790376015566438,2.8042543369644157,2.7865025875630405,2.790376015566438,9103052
2022-06-29,2.812942121470728,2.8302809072803763,2.807722040468388,2.812942121470728,7309203
2022-06-30,2.790568097026058,2.818301096618929,2.7820509231247237,2.790568097026058,9111438
2022-07-01,2.7847935909178236,2.798895044607838,2.7578430350008727,2.7847935909178236,6173542
2022-07-04,2.7866256504263487,2.7932413017578575,2.7678074089694165,2.7866256504263487,2388583
2022-07-05,2.7676324195988804,2.7759652236681385,2.7631706378601293,2.7676324195988804,5087814
2022-07-06,2.7726560320192144,2.775621570068875,2.763301060887567,2.7726560320192144,8569167
2022-07-07,2.8042622802077273,2.8130628061734444,2.801428471693819,2.8042622802077273,9018162
2022-07-08,2.7888563350117908,2.810717109810229,2.7615047360323492,2.7888563350117908,4930427
2022-07-11,2.809394112987223,2.83370066365211,2.7928940475320623,2.809394112987223,4944376
2022-07-12,2.82096471509172,2.8427002600705853,2.807238122894387,2.82096471509172,8258892
2022-07-13,2.8646264904248704,2.8776821791342946,2.859545564432303,2.8646264904248704,8081798
2022-07-14,2.878342345814859,2.882792131143861,2.8771721741208327,2.878342345814859,9155914
2022-07-15,2.882740110162162,2.897458061694998,2.8584947385706267,2.882740110162162,2161464
2022-07-18,2.861525804126402,2.8646088621960737,2.847630932587431,2.861525804126402,8673706
2022-07-19,2.8447626454924553,2.845918104060349,2.8191500783547285,2.8447626454924553,4322164
2022-07-20,2.8458594256694782,2.86175548233427,2.82178884347346,2.8458594256694782,1282330
2022-07-21,2.870661993932199,2.8738596161161247,2.852429866344427,2.870661993932199,5747148
2022-07-22,2.892696983655246,2.896755055855084,2.892550187059677,2.892696983655246,4221821
2022-07-25,2.899603061225688,2.8999818288460997,2.8830923352391493,2.899603061225688,1584240
2022-07-26,2.9139911795953615,2.929791161845045,2.9031085126493887,2.9139911795953615,6344117
2022-07-27,2.919117021789109,2.923259996105967,2.893634396271917,2.919117021789109,7233042
2022-07-28,2.949533988128687,2.9531358259623164,2.926021783266669,2.949533988128687,5770883
2022-07-29,2.987531856545708,3.014108258893473,2.9649246040834805,2.987531856545708,8272455
2022-08-01,2.9881198456706044,3.003905706498521,2.9749148754669315,2.9881198456706044,5795392
2022-08-02,3.0127030627607083,3.0248631625945195,3.0008413609441886,3.0127030627607083,1881484
2022-08-03,2.994164765010005,3.0178922483746207,2.9770529467523748,2.994164765010005,7585049
2022-08-04,2.9706646868109905,2.9912062613996087,2.952104772568497,2.9706646868109905,5342784
2022-08-05,2.9677459269349815,2.9787270980902454,2.966009052368396,2.9677459269349815,8510167
2022-08-08,2.9585048512371332,2.974473405126715,2.930396030573563,2.9585048512371332,4880429
2022-08-09,2.979122974808285,3.0061218191438135,2.9558476999297856,2.979122974808285,4799515
2022-08-10,2.9675987343787846,2.9864708309553767,2.960095394273283,2.9675987343787846,9571433
2022-08-11,2.9797734462845455,2.991601157412278,2.966402673328976,2.9797734462845455,1719340
2022-08-12,2.963835084547224,2.982341392232368,2.934324960702719,2.963835084547224,4648105
2022-08-15,2.936112896794011,2.9653141781569867,2.9292802940040206,2.936112896794011,4556948
2022-08-16,2.9221717046165914,2.9304263402074167,2.9044009153220967,2.9221717046165914,2204665
2022-08-17,2.9191589255407906,2.9300490845434624,2.891717342076483,2.9191589255407906,2442704
2022-08-18,2.9124262850833005,2.931661149916554,2.900348072085333,2.9124262850833005,7250347
2022-08-19,2.953498446684684,2.960532095929201,2.9302594314630364,2.953498446684684,2190991
2022-08-22,2.95680614182186,2.985552572875988,2.9490020807061357,2.95680614182186,4708285
2022-08-23,2.952244623051814,2.960615067369278,2.94520285064885,2.952244623051814,4399899
2022-08-24,2.9320296409647497,2.9584347930147077,2.92794248941304,2.9320296409647497,7954822
2022-08-25,2.95531269055977,2.962460366470765,2.951112555722936,2.95531269055977,3241719
2022-08-26,2.948307735471798,2.9489830484303083,2.930506527684557,2.948307735471798,6676710
2022-08-29,2.9575573787253546,2.958787301377313,2.954099427956158,2.9575573787253546,2491558
2022-08-30,2.9026251970816226,2.9213128856169,2.8828757474725006,2.9026251970816226,9938746
2022-08-31,2.9210298497112808,2.942088387693322,2.896083946985639,2.9210298497112808,3753518
2022-09-01,2.893650301669596,2.9016872556273325,2.8873579398713307,2.893650301669596,2147841
2022-09-02,2.90677527339837,2.917532763439113,2.9028896322775664,2.90677527339837,8283609
2022-09-05,2.877217240523455,2.8785365944665418,2.8616161245254395,2.877217240523455,4669881
2022-09-06,2.8489043466426116,2.8725139427883466,2.834831499651645,2.8489043466426116,7273252
2022-09-07,2.8590598606839412,2.862159532778064,2.833259143706776,2.8590598606839412,7483187
2022-09-08,2.8357240252386178,2.844452283637946,2.823125903518989,2.8357240252386178,9063748
2022-09-09,2.825901883546792,2.8432571539281724,2.817391248608857,2.825901883546792,8018847
2022-09-12,2.8287656778886436,2.8566463115127374,2.8234251877368908,2.8287656778886436,1004045
2022-09-13,2.8108615562704733,2.81354599005795,2.788603025242054,2.8108615562704733,7493587
2022-09-14,2.842061404607725,2.8567679166163837,2.8171732431175087,2.842061404607725,8508841
2022-09-15,2.842227701044461,2.8566996568187317,2.8255521072912244,2.842227701044461,8806555
2022-09-16,2.8330249503648886,2.8452928314522823,2.8249309510418947,2.8330249503648886,1397190
2022-09-19,2.822321377178982,2.8346375707479883,2.803722306733243,2.822321377178982,9167100
2022-09-20,2.7743185849137553,2.78498052644379,2.766230742621686,2.7743185849137553,6304459
2022-09-21,2.7536292435065945,2.777061881100959,2.736093999462452,2.7536292435065945,2852574
2022-09-22,2.750245769868866,2.766440543727571,2.734171973168144,2.750245769868866,9317711
2022-09-23,2.745720022924135,2.747902353639025,2.7364897414884877,2.745720022924135,8644667
2022-09-26,2.7556715625778616,2.7599043401047822,2.750557087666451,2.7556715625778616,6475376
2022-09-27,2.7308485725363867,2.7372063349305837,2.712900367025467,2.7308485725363867,6312117
2022-09-28,2.734945350664366,2.7431841080613677,2.7085662079407617,2.734945350664366,9308230
2022-09-29,2.7059574310118855,2.712428398000074,2.6878163978789162,2.7059574310118855,6787958
2022-09-30,2.7444906591888847,2.7577218890598023,2.7430738870494777,2.7444906591888847,6605752
2022-10-03,2.7353507951855276,2.744667250685575,2.717785618376243,2.7353507951855276,3140466
2022-10-04,2.6988793091127796,2.7098878957738943,2.6927481307743992,2.6988793091127796,1419398
2022-10-05,2.754520738929021,2.7800121220991802,2.752186749889852,2.754520738929021,1835110
2022-10-06,2.7835892604993386,2.802227699415956,2.759720878297423,2.7835892604993386,7125900
2022-10-07,2.8192818893594267,2.8265450056194434,2.7995442671401163,2.8192818893594267,6689269
2022-10-10,2.7978785187104367,2.7985766957037708,2.775363654235755,2.7978785187104367,1759207
2022-10-11,2.779912372611987,2.7889304816874123,2.7636878011165473,2.779912372611987,4216854
2022-10-12,2.770181074029692,2.795205443156664,2.7444908747366346,2.770181074029692,3111250
2022-10-13,2.7697169388842613,2.777698359653878,2.764019111121827,2.7697169388842613,6536978
2022-10-14,2.789358882309205,2.7894886966915475,2.77969724957266,2.789358882309205,8112891
2022-10-17,2.825415300840797,2.844380756405077,2.815396966119355,2.825415300840797,3931046
2022-10-18,2.829870695512798,2.85616185042661,2.8279381200353724,2.829870695512798,3804104
2022-10-19,2.8335975862122953,2.853757239614295,2.808395198272098,2.8335975862122953,1754867
2022-10-20,2.8127920637381525,2.820077623057188,2.7963755274173083,2.8127920637381525,2770205
2022-10-21,2.7899184492037703,2.807287509459457,2.7874134686119536,2.7899184492037703,6397080
2022-10-24,2.774739574358188,2.7979050534667507,2.7682498675769662,2.774739574358188,2214635
2022-10-25,2.8063838371158765,2.813908175687924,2.79998218674569,2.8063838371158765,6569153
2022-10-26,2.7766846751563445,2.7945728763103586,2.772109128735303,2.7766846751563445,4038797
2022-10-27,2.7785278250587613,2.7901031115756605,2.7718191291116265,2.7785278250587613,6817345
2022-10-28,2.7538847926931753,2.760347001914775,2.73617061100529,2.7538847926931753,5197019
2022-10-31,2.7373143931859927,2.7469927872815765,2.72470657184676,2.7373143931859927,1214382
2022-11-01,2.7301198123732826,2.739613571687949,2.729454158465564,2.7301198123732826,4126277
2022-11-02,2.730092509644936,2.747957827351257,2.7199616813338716,2.730092509644936,2241721
2022-11-03,2.7356210897507323,2.760355437741609,2.7217922810064223,2.7356210897507323,3982152
2022-11-04,2.7431220004943246,2.765317993774322,2.7389051808469707,2.7431220004943246,8608003
2022-11-07,2.7698156767378186,2.7958012013662006,2.7527816640668674,2.7698156767378186,7919454
2022-11-08,2.7481074811028923,2.7696988158310996,2.7259732884603136,2.7481074811028923,4066354
2022-11-09,2.748383874933256,2.759887631313231,2.7314741590390237,2.748383874933256,5464598
2022-11-10,2.752319188376408,2.755789620121053,2.737681726024884,2.752319188376408,3093038
2022-11-11,2.7827556081373475,2.8065113237168937,2.769308777035252,2.7827556081373475,7149408
2022-11-14,2.775094034648581,2.7789086731610717,2.7543250157443158,2.775094034648581,3785216
2022-11-15,2.788990462631704,2.792752225451988,2.776085396085484,2.788990462631704,3809376
2022-11-16,2.73687193993416,2.7391443213862234,2.7315621299635375,2.73687193993416,5009586
2022-11-17,2.7472909525050238,2.758354714366268,2.7271824545615218,2.7472909525050238,4008569
2022-11-18,2.759967024943869,2.7758457955582507,2.7481840599774734,2.759967024943869,2261334
2022-11-21,2.7595202700629677,2.7735411231201574,2.7567836537346855,2.7595202700629677,3181230
2022-11-22,2.779550486373383,2.779861684199992,2.769309292841412,2.779550486373383,3888890
2022-11-23,2.7458458957025647,2.7708144246542354,2.7267953366651114,2.7458458957025647,7174904
2022-11-24,2.760673011219132,2.776157663397327,2.7586238862738695,2.760673011219132,8427771
2022-11-25,2.719313343975701,2.7340320659023853,2.7097587005726016,2.719313343975701,7836773
2022-11-28,2.72325179940637,2.7300927695807333,2.6982053062371625,2.72325179940637,9518617
2022-11-29,2.7253472909440584,2.7273605957305462,2.7087119548516245,2.7253472909440584,3462310
2022-11-30,2.7394082566557154,2.7511290284476377,2.736419024455412,2.7394082566557154,1013623
2022-12-01,2.7600071781663655,2.776041373889615,2.739905462017556,2.7600071781663655,7813675
2022-12-02,2.7397358011970336,2.7609144231730167,2.715585451974656,2.7397358011970336,1831360
2022-12-05,2.734744098461579,2.7570324084806628,2.731831933592935,2.734744098461579,6172987
2022-12-06,2.741019997750504,2.742199211881998,2.7149038847227196,2.741019997750504,8637761
2022-12-07,2.761162056708499,2.7728020948709036,2.746866952656229,2.761162056708499,7206118
2022-12-08,2.7668981691492975,2.7897236974016315,2.7395070148630007,2.7668981691492975,1880979
2022-12-09,2.7596004923095974,2.77587032664817,2.7543932390794095,2.7596004923095974,9836138
2022-12-12,2.7538261986048878,2.7629592430720553,2.729890780014381,2.7538261986048878,5201008
2022-12-13,2.743949169145666,2.7540497976469065,2.7192707523127266,2.743949169145666,7831696
2022-12-14,2.7628859605696214,2.77643858322466,2.7456163991623055,2.7628859605696214,9426066
2022-12-15,2.7794680778110425,2.7838359485669364,2.763197392538563,2.7794680778110425,2240611
2022-12-16,2.7148648491269127,2.7229928565339754,2.7030783325506964,2.7148648491269127,4926551
2022-12-19,2.722101070168181,2.7485059751544707,2.6950095659460565,2.722101070168181,3178789
2022-12-20,2.776320253397655,2.800634946821753,2.760620670412053,2.776320253397655,9303914
2022-12-21,2.7612009900693115,2.763417174702142,2.750683702444806,2.7612009900693115,7269374
2022-12-22,2.7565130603006747,2.767527316502374,2.734858384520876,2.7565130603006747,3465582
2022-12-23,2.7485685476778308,2.7554347987090226,2.7330608548648323,2.7485685476778308,4966241
2022-12-26,2.7037737167582927,2.712660402763955,2.699117549094123,2.7037737167582927,4978140
2022-12-27,2.706105630572228,2.7212522092930453,2.684778609450275,2.706105630572228,2077594
2022-12-28,2.716014306169114,2.731585153973385,2.702680267449289,2.716014306169114,9180179
2022-12-29,2.745647736558393,2.773029404471792,2.7341902950539274,2.745647736558393,7722557
2022-12-30,2.7605994086069616,2.763984106872819,2.745903687089411,2.7605994086069616,7344205
2023-01-02,2.7708582199369887,2.798317796602002,2.7469234583682725,2.7708582199369887,4494849
2023-01-03,2.7796399732706862,2.7907807334328294,2.7714524383173123,2.7796399732706862,9350850
2023-01-04,2.8168535755518227,2.8350223043294576,2.8126570989801847,2.8168535755518227,6819920
2023-01-05,2.8025675736521243,2.804947064546553,2.777529174246352,2.8025675736521243,9752306
2023-01-06,2.797680830833002,2.8075509296001786,2.7840806034840324,2.797680830833002,5710696
2023-01-09,2.818798312351396,2.8315271240964557,2.790906716854789,2.818798312351396,4796239
2023-01-10,2.8306357696476656,2.8498580957063826,2.812753612192047,2.8306357696476656,7249509
2023-01-11,2.8377801749196143,2.8503247723187255,2.830351473529896,2.8377801749196143,2096479
2023-01-12,2.8216681237564063,2.825736479432095,2.7966266339218833,2.8216681237564063,5429354
2023-01-13,2.8461809348910876,2.8659595211907893,2.836620800916715,2.8461809348910876,8860217
2023-01-16,2.8444671982103467,2.8717480402728843,2.8212744603468716,2.8444671982103467,9891562
2023-01-17,2.851645245076473,2.8700778797547417,2.824837447564169,2.851645245076473,6342486
2023-01-18,2.8500487746630006,2.874329239016575,2.829195860032557,2.8500487746630006,7766961
2023-01-19,2.867583271231294,2.87295439907435,2.8574342082566706,2.867583271231294,6351559
2023-01-20,2.910701835813501,2.9351362189735126,2.8885203011718446,2.910701835813501,7703337
2023-01-23,2.9096254036469045,2.9260086749980214,2.8947566558960776,2.9096254036469045,7348911
2023-01-24,2.9192715009344674,2.942565851383755,2.915267066389749,2.9192715009344674,1323423
2023-01-25,2.920199703329019,2.934108202815891,2.9070748095435563,2.920199703329019,1878769
2023-01-26,2.9043209516732054,2.9218629354417307,2.881449867065589,2.9043209516732054,8556929
2023-01-27,2.93990246241849,2.95463500946582,2.9350540604241613,2.93990246241849,6762794
2023-01-30,2.9015484484119094,2.9049599273470363,2.883724502033923,2.9015484484119094,2572546
2023-01-31,2.879521660055536,2.883018764110713,2.856729792499687,2.879521660055536,1126662
2023-02-01,2.825916320786774,2.8344157892171347,2.8182220737987547,2.825916320786774,3512181
2023-02-02,2.821124286884013,2.8306458270670873,2.8057016343012613,2.821124286884013,9706378
2023-02-03,2.8271160790084653,2.8406474197468046,2.810481798822576,2.8271160790084653,2865916
2023-02-06,2.8460281778198544,2.8512785555923212,2.818712823810021,2.8460281778198544,1621259
2023-02-07,2.8842305210338752,2.891337170156165,2.861447874816167,2.8842305210338752,2000903
2023-02-08,2.858468919083739,2.886315914211015,2.8482457199176183,2.858468919083739,3883164
2023-02-09,2.858838720594034,2.883031161614851,2.83398375376882,2.858838720594034,4059706
2023-02-10,2.854584118003043,2.8604683438636234,2.8340176053045742,2.854584118003043,3191639
2023-02-13,2.8166420436563486,2.8312343684215158,2.804842930275132,2.8166420436563486,6631085
2023-02-14,2.8352967777877023,2.854472614381179,2.8212204827406238,2.8352967777877023,3837917
2023-02-15,2.8189214590314653,2.8444758688926792,2.7949028988346134,2.8189214590314653,5321377
2023-02-16,2.8255949692932947,2.840053963147696,2.799434069115678,2.8255949692932947,3756998
2023-02-17,2.8599258404100016,2.8613710951307465,2.8565810214811913,2.8599258404100016,3884127
2023-02-20,2.830059175684199,2.847334561114016,2.823399487855174,2.830059175684199,1185825
2023-02-21,2.8412129598810685,2.865003159868117,2.8190489650456914,2.8412129598810685,6477044
2023-02-22,2.8986902231730305,2.9069324466831516,2.887051944865347,2.8986902231730305,2596239
2023-02-23,2.8797048749013454,2.887575302145392,2.8730587202401194,2.8797048749013454,5096495
2023-02-24,2.8792264875524074,2.8888276606930807,2.8705382861969775,2.8792264875524074,2031113
2023-02-27,2.9253505826498616,2.942813736569954,2.9016043019605746,2.9253505826498616,4454391
2023-02-28,2.9090359329759123,2.9277392014550085,2.902982910269435,2.9090359329759123,4443112
2023-03-01,2.932255986783707,2.9450886328641936,2.929860429062123,2.932255986783707,1071056
2023-03-02,2.924995261590699,2.9422284021476184,2.918309865593214,2.924995261590699,8797050
2023-03-03,2.9467395477094533,2.971961603825006,2.9353918221267783,2.9467395477094533,6878853
2023-03-06,2.9802713995036934,2.990695961169542,2.959841114235961,2.9802713995036934,7775111
2023-03-07,2.947478927582235,2.962260301673904,2.9352361154532622,2.947478927582235,9507829
2023-03-08,2.9698963160416962,2.9903370197641133,2.9492426397142784,2.9698963160416962,4059210
2023-03-09,2.9787138700379905,2.9941599085917785,2.9701633896432837,2.9787138700379905,5803590
2023-03-10,2.9252159582550212,2.9440750704944643,2.907106255806473,2.9252159582550212,9709283
2023-03-13,2.9065203940774547,2.93506417480197,2.8940675653499386,2.9065203940774547,5788478
2023-03-14,2.88955464245136,2.9175106439873866,2.87240051423325,2.88955464245136,7487504
2023-03-15,2.9041670918448,2.9209110180399582,2.8815115773844555,2.9041670918448,3722662
2023-03-16,2.9098871051200965,2.9372496636770133,2.8940192724367506,2.9098871051200965,9852123
2023-03-17,2.9131871912134892,2.937518854945387,2.906567593847486,2.9131871912134892,3633381
2023-03-20,2.8645190761372086,2.8749722098096533,2.8511809039849756,2.8645190761372086,7139603
2023-03-21,2.875498259949679,2.8907906709656985,2.8590550399162566,2.875498259949679,6362382
2023-03-22,2.8846916830669067,2.8978806974921136,2.8727103324057977,2.8846916830669067,5229240
2023-03-23,2.8510318760573226,2.878878311716238,2.8451504917831794,2.8510318760573226,6926287
2023-03-24,2.8319721804125515,2.84288106138048,2.828449476476554,2.8319721804125515,7939863
2023-03-27,2.834229525977803,2.8581771995097482,2.8334036441599006,2.834229525977803,7911172
2023-03-28,2.8690705967780383,2.8780303235032454,2.85253586512153,2.8690705967780383,5341012
2023-03-29,2.8574090161052497,2.8594056900966196,2.8413453465754963,2.8574090161052497,7242183
2023-03-30,2.837235467515868,2.8487035675785983,2.8340368729506773,2.837235467515868,5548134
2023-03-31,2.8144134081616334,2.8325301012431896,2.813801500206848,2.8144134081616334,5436237
2023-04-03,2.858670304615809,2.8795469340939888,2.8409966450090756,2.858670304615809,2020848
2023-04-04,2.858958808102548,2.8688206584564697,2.85756766522242,2.858958808102548,8925463
2023-04-05,2.8492908970351887,2.8758723011178273,2.8481454660523338,2.8492908970351887,1937673
2023-04-06,2.830667518405285,2.840174212059334,2.8148571002226648,2.830667518405285,2120644
2023-04-07,2.84093567543831,2.859492440224945,2.836999286086543,2.84093567543831,7841843
2023-04-10,2.8526072403671243,2.8572044154970415,2.832822803189344,2.8526072403671243,9713505
2023-04-11,2.859852264363184,2.866246149888499,2.84824179941372,2.859852264363184,7688517
2023-04-12,2.8371908255739853,2.852163573517977,2.8327793839258426,2.8371908255739853,4128441
2023-04-13,2.81913767165954,2.830817641668856,2.804450899613481,2.81913767165954,9411614
2023-04-14,2.790986751688998,2.8117294714196874,2.7744948803700145,2.790986751688998,6004835
2023-04-17,2.7691093672731593,2.7820384323596565,2.7680767525344505,2.7691093672731593,2296414
2023-04-18,2.7515380794291344,2.7532060827013374,2.729204740535593,2.7515380794291344,8810862
2023-04-19,2.753633621632167,2.762534563321671,2.7383934809183916,2.753633621632167,7116068
2023-04-20,2.7664851583740364,2.7858345588201265,2.759442704810772,2.7664851583740364,7148452
2023-04-21,2.795501162517606,2.796337597992571,2.7868192003144086,2.795501162517606,8632027
2023-04-24,2.8161510314510174,2.8304817055740012,2.798511070467777,2.8161510314510174,4733969
2023-04-25,2.8226561890475206,2.8288749338966066,2.7966868045083713,2.8226561890475206,9731761
2023-04-26,2.831843254333589,2.856783402429844,2.8212725784712753,2.831843254333589,2780468
2023-04-27,2.8786003633623864,2.8901116556221003,2.8524331168328576,2.8786003633623864,3522336
2023-04-28,2.9054058436683903,2.917762234634089,2.8982596877883777,2.9054058436683903,1381135
2023-05-01,2.8764876652184017,2.889116002825292,2.867554058528645,2.8764876652184017,7430566
2023-05-02,2.914170340773494,2.935977844111632,2.912826672069504,2.914170340773494,6019813
2023-05-03,2.9424751591170724,2.9521146011082187,2.9357274924913916,2.9424751591170724,1696490
2023-05-04,2.9775126749141667,2.9996484422837244,2.9565393049160513,2.9775126749141667,1870796
2023-05-05,2.9781310656588444,2.9886733304141293,2.977149351868828,2.9781310656588444,6459197
2023-05-08,2.9788997266232897,3.0054331591726995,2.96540439465421,2.9788997266232897,5492883
2023-05-09,2.9587229500455496,2.971112183282012,2.953618962937318,2.9587229500455496,4323435
2023-05-10,2.972650290508916,2.9854504058519957,2.962612852352685,2.972650290508916,1274244
2023-05-11,3.0072372437647155,3.015815633530563,3.006229191143402,3.0072372437647155,8456065
2023-05-12,3.0350436424864213,3.0390118093989282,3.0300433458993057,3.0350436424864213,5399262
2023-05-15,3.0910937016256117,3.1183649984965554,3.073196192410036,3.0910937016256117,8261952
2023-05-16,3.0410368655937177,3.0510739918694854,3.0361004006417005,3.0410368655937177,9848898
2023-05-17,3.046490695085736,3.061157604712083,3.0220129984381034,3.046490695085736,1515679
2023-05-18,3.0414672772629148,3.0512135727062537,3.04071223143473,3.0414672772629148,9104934
2023-05-19,3.071899372349842,3.1010117399021553,3.0657882560415386,3.071899372349842,9721638
2023-05-22,3.052922348502668,3.067903916353567,3.0371126707072573,3.052922348502668,1077308
2023-05-23,3.0628615978647487,3.0698969055466754,3.0521163988837627,3.0628615978647487,3959437
2023-05-24,3.0520736085956686,3.072168061504375,3.0482121947166267,3.0520736085956686,6286790
2023-05-25,3.0695971164210563,3.081135986543809,3.0547705515058503,3.0695971164210563,6939354
2023-05-26,3.0704240690380873,3.077364034349315,3.068087615282445,3.0704240690380873,9543555
2023-05-29,3.0567647509735174,3.069153774249832,3.0440610290478842,3.0567647509735174,6105162
2023-05-30,3.050248005835101,3.063635620071168,3.049679093953757,3.050248005835101,5613772
2023-05-31,3.0360313883683094,3.045215005751749,3.03574401400162,3.0360313883683094,5194649
2023-06-01,3.0410045054065344,3.055070504663539,3.039515657967173,3.0410045054065344,8484379
2023-06-02,3.048801227687703,3.0533739513003937,3.0317390742998396,3.048801227687703,9423472
2023-06-05,3.0368528135108304,3.037117988488901,3.0084462602616995,3.0368528135108304,3320708
2023-06-06,3.080628796946043,3.081124060144569,3.0507706267272257,3.080628796946043,1605697
2023-06-07,3.08496834857052,3.101148918215101,3.06791970952422,3.08496834857052,7874778
2023-06-08,3.0988081181592317,3.1199083456612997,3.0913603555257363,3.0988081181592317,2229368
2023-06-09,3.1382421300027463,3.167113605496679,3.108738804265091,3.1382421300027463,1654421
2023-06-12,3.1076791503548087,3.1367271376032746,3.092246538325263,3.1076791503548087,3683650
2023-06-13,3.1106971053607966,3.1404016745804206,3.097041240087732,3.1106971053607966,9813598
2023-06-14,3.1163221997732142,3.119024344757992,3.1147062612947916,3.1163221997732142,8977293
2023-06-15,3.1674520977771814,3.1693432257476157,3.1491120032691025,3.1674520977771814,6151847
2023-06-16,3.212161708087664,3.2177215157962666,3.192765812889326,3.212161708087664,3762600
2023-06-19,3.20456801910116,3.211552266552306,3.1884962900133806,3.20456801910116,4332563
2023-06-20,3.255155012807798,3.2607989660718224,3.247197962955917,3.255155012807798,4511768
2023-06-21,3.2910762407629024,3.303270320992124,3.275070096761584,3.2910762407629024,4272535
2023-06-22,3.2220947245558684,3.230344503425956,3.2005362685924874,3.2220947245558684,7840813
2023-06-23,3.2231576865301435,3.224895345777751,3.194496785934432,3.2231576865301435,8074878
2023-06-26,3.232516731274468,3.242618638655572,3.228360234931447,3.232516731274468,3429080
2023-06-27,3.2173519209361516,3.2208777783539886,3.2167953088790755,3.2173519209361516,4512383
2023-06-28,3.2115569222204643,3.2166858689301367,3.2088889891563426,3.2115569222204643,7403439
2023-06-29,3.183900781261604,3.1995770168263995,3.1712054541204826,3.183900781261604,8359799
2023-06-30,3.1607909220387613,3.170452456256673,3.155787400931619,3.1607909220387613,9791779
2023-07-03,3.1937517832886604,3.223288824750672,3.185274568428709,3.1937517832886604,7445797
2023-07-04,3.1773674184653755,3.1935033184780286,3.162591248201127,3.1773674184653755,4558337
2023-07-05,3.1487111416120603,3.160658440637471,3.1332015300754303,3.1487111416120603,3996503
2023-07-06,3.1689335318568297,3.183187997355057,3.1507398455859157,3.1689335318568297,1484265
2023-07-07,3.164648607119151,3.166134394774214,3.1533187537518104,3.164648607119151,7915831
2023-07-10,3.1780928346825115,3.1944014734225084,3.148507389668383,3.1780928346825115,8552474
2023-07-11,3.1733177849822853,3.1892763083833455,3.142775565123218,3.1733177849822853,4188181
2023-07-12,3.1572374185893586,3.1642092571328004,3.1415822116395122,3.1572374185893586,3694813
2023-07-13,3.1494524545396505,3.1556785034992676,3.1330176909416316,3.1494524545396505,2696381
2023-07-14,3.166827467880273,3.1910511939118646,3.1662873167497545,3.166827467880273,3168589
2023-07-17,3.2166915703565784,3.2170169775753794,3.204023704378409,3.2166915703565784,7711884
2023-07-18,3.210989710643495,3.2336448165118012,3.1794241768672267,3.210989710643495,4878181
2023-07-19,3.2501025404466226,3.2517567124896094,3.2402354776961686,3.2501025404466226,9580214
2023-07-20,3.240968859559124,3.270807297682905,3.2400692928936152,3.240968859559124,9127737
2023-07-21,3.2526163914707378,3.2685037893911244,3.2244068794265504,3.2526163914707378,6652721
2023-07-24,3.215614615399627,3.243373398822839,3.19019212919846,3.215614615399627,3677190
2023-07-25,3.2044295061119996,3.2106338327108963,3.2003043048888995,3.2044295061119996,9626830
2023-07-26,3.212121456268815,3.2228693990871253,3.1937464063445913,3.212121456268815,2838433
2023-07-27,3.252552617418905,3.2537182970935743,3.2454879743264624,3.252552617418905,8724718
2023-07-28,3.2446288049185137,3.2485079979818643,3.232387258265838,3.2446288049185137,4606199
2023-07-31,3.2155569749245876,3.224980186403106,3.2071704663827285,3.2155569749245876,2806279
2023-08-01,3.2337211136166566,3.235880881400433,3.2150464759309303,3.2337211136166566,3106546
2023-08-02,3.2166224407839614,3.24661348706588,3.1935409983414815,3.2166224407839614,9042039
2023-08-03,3.2462550923412374,3.2544867561469073,3.220744441654679,3.2462550923412374,5486426
2023-08-04,3.2480444274674847,3.274027049931783,3.2343492169631087,3.2480444274674847,5889538
2023-08-07,3.2286637567664123,3.246896324656722,3.2260901659254135,3.2286637567664123,4593267
2023-08-08,3.214166419860933,3.220050656487799,3.2110619434798213,3.214166419860933,6149980
2023-08-09,3.2718457552436653,3.3017743752104334,3.2597519985128365,3.2718457552436653,9557091
2023-08-10,3.2745125042676557,3.2930478516505306,3.2540649263524446,3.2745125042676557,2695172
2023-08-11,3.296370615849672,3.313615443690974,3.2748031012444008,3.296370615849672,9669647
2023-08-14,3.2806293388755385,3.309139623570607,3.2481209734310337,3.2806293388755385,3674901
2023-08-15,3.323835223856253,3.354059949452826,3.308059181296416,3.323835223856253,6696243
2023-08-16,3.336688859366421,3.363541682287916,3.3042109156943145,3.336688859366421,9143600
2023-08-17,3.3178412368919936,3.345189584212937,3.288733358489592,3.3178412368919936,8216643
2023-08-18,3.3045364397694144,3.332875763572845,3.297306661531624,3.3045364397694144,2226054
2023-08-21,3.3070450485341745,3.3120857416499034,3.280421661507776,3.3070450485341745,1270496
2023-08-22,3.3009677948990572,3.3189471020875962,3.2739983862482003,3.3009677948990572,9910446
2023-08-23,3.289525924904667,3.2970201947377853,3.2893454155042856,3.289525924904667,9291077
2023-08-24,3.2962985399254645,3.316804665192,3.2892109034472004,3.2962985399254645,3176347
2023-08-25,3.3077259658738005,3.338761551397181,3.28397176108873,3.3077259658738005,1091776
2023-08-28,3.2725607641264864,3.273523516633626,3.2488600883087733,3.2725607641264864,8563216
2023-08-29,3.2565460581429537,3.285215375905894,3.245684137629115,3.2565460581429537,6506930
2023-08-30,3.2192719455507683,3.232669276349173,3.1925845399775743,3.2192719455507683,1628759
2023-08-31,3.200698146845473,3.2065415892937312,3.173885095675804,3.200698146845473,4788864
2023-09-01,3.1852309941513264,3.201971315159551,3.160338945455722,3.1852309941513264,5473035
2023-09-04,3.149147792634654,3.157166668995035,3.1329358428562966,3.149147792634654,9159927
2023-09-05,3.1244666698598094,3.1400465678907885,3.104615778879857,3.1244666698598094,7278233
2023-09-06,3.1518227119316644,3.1524020882935835,3.122201825871079,3.1518227119316644,4723981
2023-09-07,3.103834983553316,3.104396412791239,3.0755419991418145,3.103834983553316,6428868
2023-09-08,3.1018316670721195,3.125787216050677,3.0768630520655416,3.1018316670721195,1148225
2023-09-11,3.071243338363427,3.083854311884803,3.0443027248305286,3.071243338363427,5918673
2023-09-12,3.0825816737239413,3.086755702163353,3.0731623889885515,3.0825816737239413,2715197
2023-09-13,3.133601225130685,3.1342731531070283,3.1242003183088842,3.133601225130685,7244551
2023-09-14,3.1370120797086316,3.1527344416350513,3.1328226087278703,3.1370120797086316,8961171
2023-09-15,3.162556371181415,3.1898933949995847,3.1590970378731518,3.162556371181415,3849937
2023-09-18,3.1424202594126243,3.1724242676685033,3.1135655417432937,3.1424202594126243,5469262
2023-09-19,3.150388553238506,3.1805776081608577,3.12382363065919,3.150388553238506,9782674
2023-09-20,3.14181119147602,3.143719102951662,3.138918848467629,3.14181119147602,7067399
2023-09-21,3.152580555233322,3.1549814601440085,3.1514821393481935,3.152580555233322,9705290
2023-09-22,3.104662890787835,3.1230960529619947,3.0790607166367265,3.104662890787835,7320777
2023-09-25,3.100488504574815,3.1048560219847765,3.0811774183227163,3.100488504574815,7529810
2023-09-26,3.091768001157507,3.1192193774692463,3.0633111021763573,3.091768001157507,9950960
2023-09-27,3.0964915095679926,3.097914513729253,3.0900838243455397,3.0964915095679926,9173523
2023-09-28,3.108308395162889,3.13489284574796,3.0953061856565185,3.108308395162889,4055464
2023-09-29,3.1057128439205077,3.116473804272975,3.0959231353320966,3.1057128439205077,7355512
2023-10-02,3.0673834721206443,3.0916887243186477,3.052280183313748,3.0673834721206443,4004137
2023-10-03,3.0490226670321463,3.075412788135491,3.040991964283909,3.0490226670321463,6780535
2023-10-04,3.088258073620061,3.092675109467444,3.0764916019298303,3.088258073620061,8514123
2023-10-05,3.0625403469417445,3.0924013213229933,3.0327016655543213,3.0625403469417445,4908257
2023-10-06,3.081305159489898,3.111101724117104,3.076077414837573,3.081305159489898,7898581
2023-10-09,3.0459362745812975,3.055019656417129,3.0232668034470263,3.0459362745812975,7836019
2023-10-10,3.0796315487429538,3.0921984687804174,3.0682865032237863,3.0796315487429538,6548076
2023-10-11,3.0673550722464835,3.07997322546697,3.0515524373139935,3.0673550722464835,1019258
2023-10-12,3.1039667186585445,3.1305375499839574,3.102054925695114,3.1039667186585445,7171745
2023-10-13,3.074176810818321,3.0761784228327933,3.0505777148541413,3.074176810818321,3665957
2023-10-16,3.0370514477618245,3.0386404330857664,3.02808236994232,3.0370514477618245,6623135
2023-10-17,3.010753640154678,3.039083038509803,2.9982167468623633,3.010753640154678,9345147
2023-10-18,3.040737954128909,3.062731146721167,3.023558506968641,3.040737954128909,4727203
2023-10-19,3.031575983046385,3.0487664215548653,3.011925056245824,3.031575983046385,4275972
2023-10-20,3.056935330076083,3.086543696703216,3.0390140343017555,3.056935330076083,3716783
2023-10-23,3.041456334121589,3.0515797517850807,3.0395610727680973,3.041456334121589,6977187
2023-10-24,3.046799554287239,3.059495695641515,3.0452853779591007,3.046799554287239,2650381
2023-10-25,3.0465339668242066,3.0681389363126104,3.0462573921881284,3.0465339668242066,3332763
2023-10-26,3.0799244816628897,3.103917120294599,3.0530743717245454,3.0799244816628897,2720459
2023-10-27,3.085195207324101,3.1108759344282526,3.067181712032031,3.085195207324101,6248354
2023-10-30,3.0779183693170635,3.0856085586977238,3.048686802912673,3.0779183693170635,1675986
2023-10-31,3.0748206982053716,3.081378116505528,3.0621954049056717,3.0748206982053716,4984132
2023-11-01,3.0790411304015692,3.109469197597329,3.0632428776352842,3.0790411304015692,9743216
2023-11-02,3.0367672557092855,3.0566510572155323,3.017589866120797,3.0367672557092855,8296222
2023-11-03,3.039438749058511,3.0642694785504077,3.0367568661941986,3.039438749058511,9255297
2023-11-06,3.0098617419271347,3.0335617789209754,2.99838634011938,3.0098617419271347,2501459
2023-11-07,2.9998704369858693,3.005027728475172,2.9864291778050096,2.9998704369858693,3949932
2023-11-08,3.0002073546016645,3.0094448702700225,2.9866404434491916,3.0002073546016645,2655205
2023-11-09,2.9932467810877217,3.0080776450061184,2.989535749565366,2.9932467810877217,4760535
2023-11-10,2.981072566603607,3.0009531245575007,2.9752284322677935,2.981072566603607,2846591
2023-11-13,2.9865069451820094,2.999775367880609,2.965399590395724,2.9865069451820094,4051344
2023-11-14,2.983148067450986,2.999463629226472,2.9680069322884246,2.983148067450986,6881749
2023-11-15,2.96787970763802,2.988483966036452,2.9467518649542948,2.96787970763802,6168681
2023-11-16,2.9510961225703665,2.956210302891644,2.9267377436117186,2.9510961225703665,6405835
2023-11-17,2.934252153771353,2.9392587005073922,2.929600495343412,2.934252153771353,1002465
2023-11-20,2.931442159100347,2.9517555840072496,2.9285258230002276,2.931442159100347,5683525
2023-11-21,2.9200276258466715,2.9341996024782673,2.9159256982773862,2.9200276258466715,7808604
2023-11-22,2.9668926485735336,2.972674904945483,2.948527485424522,2.9668926485735336,3334369
2023-11-23,2.927067176318543,2.931033086116841,2.900174932827256,2.927067176318543,4601403
2023-11-24,2.9640361800892463,2.96924921855673,2.9371613175665643,2.9640361800892463,5540850
2023-11-27,3.0143295205385545,3.0252445597460462,3.0046044074531006,3.0143295205385545,3547808
2023-11-28,3.079360717861899,3.102532499563019,3.058422364632163,3.079360717861899,4352754
2023-11-29,3.099753756701233,3.11445613053033,3.0697828385578756,3.099753756701233,6104398
2023-11-30,3.125955014806279,3.1279471229952094,3.1041114016183013,3.125955014806279,9723818
2023-12-01,3.1654786203117604,3.173946068727118,3.139351625638578,3.1654786203117604,1020721
2023-12-04,3.1504099543757302,3.1572715981128145,3.1293458598413877,3.1504099543757302,1775467
2023-12-05,3.1529205841434207,3.156574511376379,3.129738584350342,3.1529205841434207,5094262
2023-12-06,3.1608020600583755,3.1676860305307173,3.136521269110559,3.1608020600583755,9854310
2023-12-07,3.123948124900757,3.150515658759819,3.1088845042243687,3.123948124900757,3883610
2023-12-08,3.1129090620329842,3.1375405847387667,3.0905081387811433,3.1129090620329842,5176445
2023-12-11,3.1521628255972662,3.1642402596128845,3.1429918267131414,3.1521628255972662,9737405
2023-12-12,3.126105711238462,3.1404642952774435,3.095329558267644,3.126105711238462,2650280
2023-12-13,3.0952986615600246,3.09867434800042,3.0788442501579047,3.0952986615600246,9384008
2023-12-14,3.0861010370401747,3.0945312132490743,3.0780386270352262,3.0861010370401747,4810865
2023-12-15,3.087912781803773,3.0909036476915084,3.0773169025510483,3.087912781803773,4897063
2023-12-18,3.1185024171402134,3.1424969876568833,3.0972422633554157,3.1185024171402134,8726079
2023-12-19,3.1213188721551215,3.14379541183303,3.11086931152432,3.1213188721551215,8656215
2023-12-20,3.1109324560635483,3.1122312371120358,3.1033531678879,3.1109324560635483,3428209
2023-12-21,3.1388648609301777,3.1490844341433815,3.1200325254250636,3.1388648609301777,8257040
2023-12-22,3.133151131298611,3.133239000806763,3.1193885444939706,3.133151131298611,6456264
2023-12-25,3.114817340449656,3.1266494798230577,3.104940615616555,3.114817340449656,6683186
2023-12-26,3.059032289436681,3.0893776682915983,3.0340330984911583,3.059032289436681,3238769
2023-12-27,3.061413563111604,3.0727402739944623,3.031932475941091,3.061413563111604,4822073
2023-12-28,3.0731540464683733,3.0827307432573816,3.0654338112961987,3.0731540464683733,3166018
2023-12-29,3.064865832920065,3.067860651317057,3.064818332154118,3.064865832920065,5702548
2024-01-01,3.071856744058765,3.0833177785911103,3.0631576365542132,3.071856744058765,8327321
2024-01-02,3.1236285296023225,3.154525416311211,3.093708456329635,3.1236285296023225,4990444
2024-01-03,3.098601206455232,3.110526908406489,3.092974238598779,3.098601206455232,5590179
2024-01-04,3.1000331638076966,3.130778202159825,3.0960657396437634,3.1000331638076966,3300781
2024-01-05,3.094617565113701,3.097073585819863,3.0691393024929305,3.094617565113701,9893356
2024-01-08,3.114757550284286,3.1317193173960964,3.0936736814479686,3.114757550284286,2730384
2024-01-09,3.1162404742033627,3.1468998569439326,3.0976825795770653,3.1162404742033627,1367196
2024-01-10,3.1051243186172512,3.132014795441315,3.0936085724719815,3.1051243186172512,1420330
2024-01-11,3.057857412927287,3.085590949074877,3.0521673212613183,3.057857412927287,6084287
2024-01-12,3.0479163878415965,3.062253047528134,3.040745654168592,3.0479163878415965,4011661
2024-01-15,3.049200495102345,3.078323987166491,3.0461872790676803,3.049200495102345,9622066
2024-01-16,3.030676976362689,3.046765757840734,3.0180641251448455,3.030676976362689,4933171
2024-01-17,3.0094531956236388,3.027086050140629,3.00211652694515,3.0094531956236388,1621806
2024-01-18,3.00871035042513,3.029249226815884,2.99925839359085,3.00871035042513,7070030
2024-01-19,3.0026438169736474,3.007183638689527,2.987977340847578,3.0026438169736474,7387489
2024-01-22,3.0082773524084927,3.0188377966046755,2.9882547896162626,3.0082773524084927,5635530
2024-01-23,3.032343552888419,3.0522736653966502,3.032273843597984,3.032343552888419,2316356
2024-01-24,3.022649910199898,3.02749735822232,2.9993239681737376,3.022649910199898,4266480
2024-01-25,3.0149439586485287,3.0402518065384108,3.0098302019262673,3.0149439586485287,9269596
2024-01-26,3.0131848138250166,3.019798361697971,2.9944877633526823,3.0131848138250166,8307250
2024-01-29,3.0148385105710336,3.030650181577736,2.9939156404326956,3.0148385105710336,1383911
2024-01-30,3.006264725229029,3.00752981960637,3.002765577450628,3.006264725229029,8848131
2024-01-31,3.035944408771478,3.040153705814141,3.026779867381741,3.035944408771478,9476153
2024-02-01,3.0257806627055954,3.042924249201043,3.001361649242397,3.0257806627055954,1439203
2024-02-02,3.024630821413674,3.0537681144815227,3.0008385996485125,3.024630821413674,1344573
2024-02-05,3.0782823246251385,3.107017482216324,3.0625352911282215,3.0782823246251385,6546670
2024-02-06,3.0382202177510003,3.0461518838711,3.0262042575851456,3.0382202177510003,3372280
2024-02-07,3.0298417397707587,3.0559454637275882,3.0028841190643027,3.0298417397707587,1853242
2024-02-08,3.0590251602507457,3.0857226532626574,3.0559216825631568,3.0590251602507457,6772153
2024-02-09,3.0269457851989556,3.03974950090185,3.0212252328946567,3.0269457851989556,8275730
2024-02-12,3.041823052115626,3.067907761641564,3.019337057028091,3.041823052115626,9722155
2024-02-13,3.0388463160571053,3.063384416772806,3.0085075606643956,3.0388463160571053,6883582
2024-02-14,3.0469591398266322,3.0659705065397294,3.0206296243131376,3.0469591398266322,8942820
2024-02-15,3.0432302557529107,3.0577766652384613,3.0421859934395896,3.0432302557529107,7141027
2024-02-16,3.034071008314883,3.03990074928008,3.026722662703121,3.034071008314883,2935228
2024-02-19,3.0053583215112383,3.0232202410654763,3.001393666823425,3.0053583215112383,7328786
2024-02-20,3.043228682544426,3.0568766684379596,3.029427391329191,3.043228682544426,2155777
2024-02-21,3.067734065136729,3.077237679145827,3.0404988470255643,3.067734065136729,7518220
2024-02-22,3.099460397695681,3.123669475442533,3.0856465614143933,3.099460397695681,6547669
2024-02-23,3.111029146140922,3.1211340015966664,3.1052525789946124,3.111029146140922,8420542
2024-02-26,3.096747485911187,3.113723966799559,3.0689229381528462,3.096747485911187,3271082
2024-02-27,3.1016363397105478,3.123280418963517,3.089479515199922,3.1016363397105478,2654224
2024-02-28,3.0988344679155833,3.102850128968598,3.0814102946735717,3.0988344679155833,9939816
2024-02-29,3.1098212458072187,3.1189817727999967,3.0827602453628553,3.1098212458072187,5827829
2024-03-01,3.0915521326552913,3.0965401357531492,3.074682909685608,3.0915521326552913,9082724
2024-03-04,3.122614805581636,3.1514835075160184,3.1216518051689426,3.122614805581636,4279375
2024-03-05,3.119704539409681,3.1320615177604982,3.111323967330219,3.119704539409681,5914440
2024-03-06,3.1364507901781096,3.1623637023820956,3.109463704640774,3.1364507901781096,8027080
2024-03-07,3.1569368210956394,3.183679037110108,3.156348113263121,3.1569368210956394,4101407
2024-03-08,3.1414548169085976,3.1421877720471962,3.1111567539898326,3.1414548169085976,5220019
2024-03-11,3.1434580124390195,3.160479171209257,3.133065044695166,3.1434580124390195,1898223
2024-03-12,3.182420730306358,3.183767318460722,3.161902810775967,3.182420730306358,7599584
2024-03-13,3.1748223291080437,3.179453664610567,3.151362236548914,3.1748223291080437,3505395
2024-03-14,3.1791551461225556,3.208403078705461,3.164989187500656,3.1791551461225556,7393759
2024-03-15,3.1388937889231743,3.145159940740846,3.133730465159107,3.1388937889231743,5130771
2024-03-18,3.175989503664776,3.1857593004021885,3.144281567328054,3.175989503664776,5333718
2024-03-19,3.18740283148436,3.2154703675863,3.1819662015199635,3.18740283148436,2029563
2024-03-20,3.1731899861047714,3.2049147180770428,3.1564541395718484,3.1731899861047714,7543798
2024-03-21,3.169897308168825,3.172287990183917,3.150942133219199,3.169897308168825,1691667
2024-03-22,3.1393180860993435,3.141385982453611,3.1113017938556293,3.1393180860993435,3731879
2024-03-25,3.155078279893249,3.1760768255719602,3.153501901689798,3.155078279893249,1163738
2024-03-26,3.1477265532427294,3.1626654744710754,3.1266431076482717,3.1477265532427294,4274634
2024-03-27,3.1631733231295978,3.180029996192864,3.1489996079172378,3.1631733231295978,4743914
2024-03-28,3.107697541750416,3.1172388297963325,3.089140884078669,3.107697541750416,6241328
2024-03-29,3.1003335587318053,3.131039842079405,3.0758747540745284,3.1003335587318053,7555937
2024-04-01,3.126989307914111,3.1339163113154966,3.1162739926132805,3.126989307914111,9413560
2024-04-02,3.086255998770342,3.107746727884536,3.07518917420808,3.086255998770342,8955712
2024-04-03,3.0952008768463624,3.114694518171607,3.079043770522882,3.0952008768463624,6039090
2024-04-04,3.072208533360415,3.089208171712649,3.062440384843265,3.072208533360415,2187063
2024-04-05,3.0756497706028685,3.081114558892596,3.0468881001446055,3.0756497706028685,8006684
2024-04-08,3.053459765118058,3.0666567667218065,3.0476747761370673,3.053459765118058,5957823
2024-04-09,3.0587764807744615,3.0777054343918517,3.0291111651023765,3.0587764807744615,8866406
2024-04-10,3.0907121256329924,3.0975390828676974,3.0640677717889417,3.0907121256329924,6235890
2024-04-11,3.083051712100535,3.090133191793554,3.076043178540343,3.083051712100535,2991077
2024-04-12,3.106681394531,3.119167267024249,3.08008540151586,3.106681394531,7212933
2024-04-15,3.1032627464709512,3.133875576207655,3.074820072162191,3.1032627464709512,9794700
2024-04-16,3.125586834245888,3.1546728207123125,3.109588059813774,3.125586834245888,1225646
2024-04-17,3.080729596337002,3.1034596457169106,3.059807991241295,3.080729596337002,5802557
2024-04-18,3.1256002796188693,3.125914508410537,3.1102679105184254,3.1256002796188693,3305177
2024-04-19,3.0976704418080296,3.0979301913842567,3.091219925194487,3.0976704418080296,1864574
2024-04-22,3.121413995711186,3.129438839098205,3.0932312012954153,3.121413995711186,8157992
2024-04-23,3.1224844460139862,3.1436065825855404,3.109797368966128,3.1224844460139862,6015324
2024-04-24,3.093665127597795,3.0964762865243554,3.066097911425953,3.093665127597795,8890761
2024-04-25,3.0792389340838455,3.084081145464371,3.0554001715332153,3.0792389340838455,1045556
2024-04-26,3.130234479061163,3.132560770385809,3.1134187647131117,3.130234479061163,4497584
2024-04-29,3.183621144160859,3.206154935862845,3.1552428932655627,3.183621144160859,1208219
2024-04-30,3.1984615136760306,3.21784460923269,3.1952483455322276,3.1984615136760306,8896488
2024-05-01,3.2174264219382316,3.246304747115252,3.193003287622432,3.2174264219382316,2751292
2024-05-02,3.1802378844698103,3.195739626591395,3.1592824320946216,3.1802378844698103,1172976
2024-05-03,3.196774547864369,3.2151873895793517,3.1759230663912494,3.196774547864369,9856731
2024-05-06,3.1403551368304967,3.1471593454091216,3.1211451171025906,3.1403551368304967,6825597
2024-05-07,3.1973482216434657,3.2086844817483238,3.1895175136596032,3.1973482216434657,1014200
2024-05-08,3.24646534799382,3.2573609571458277,3.2326789199984898,3.24646534799382,8133060
2024-05-09,3.227352810940152,3.234481109230813,3.206894071777984,3.227352810940152,3717673
2024-05-10,3.234570585410178,3.2350277700478864,3.213954095416562,3.234570585410178,8916355
2024-05-13,3.260962244283644,3.27709540711872,3.2437345961881743,3.260962244283644,6436288
2024-05-14,3.2828652205390583,3.286472437542624,3.2667758194371315,3.2828652205390583,3252374
2024-05-15,3.265816155555678,3.2883894785815997,3.2538842974422604,3.265816155555678,7461398
2024-05-16,3.263754624288854,3.277332098432553,3.2423942340084437,3.263754624288854,7128125
2024-05-17,3.251866494093534,3.279632003249404,3.222245211334993,3.251866494093534,8040609
2024-05-20,3.2746090850843785,3.294925877554059,3.2555369558089446,3.2746090850843785,8477448
2024-05-21,3.3176073854024377,3.3399542770611004,3.30663699827918,3.3176073854024377,4015999
2024-05-22,3.2706665462422775,3.293937449830507,3.2600377051930614,3.2706665462422775,8637209
2024-05-23,3.250852723533332,3.28098680851982,3.228969819195831,3.250852723533332,4462244
2024-05-24,3.269543580865016,3.273047247426087,3.247532938844215,3.269543580865016,2523056
2024-05-27,3.3093322479029554,3.324582716474123,3.280467872749259,3.3093322479029554,6437358
2024-05-28,3.2874964534403746,3.298269829080944,3.2684222486719254,3.2874964534403746,2902068
2024-05-29,3.306418764250181,3.3248830419265976,3.2803216007428917,3.306418764250181,6988309
2024-05-30,3.279677043935841,3.2902694166010775,3.276103777595585,3.279677043935841,6897998
2024-05-31,3.255572886281745,3.2767388006395852,3.250263602247326,3.255572886281745,6438211
2024-06-03,3.249948791433648,3.2752520626777204,3.2491400553805443,3.249948791433648,4899208
2024-06-04,3.280670208536869,3.3077060482218217,3.267868719297313,3.280670208536869,7322773
2024-06-05,3.2701703361946444,3.2821391307815113,3.2643980870888845,3.2701703361946444,2545624
2024-06-06,3.2829716628049916,3.29217777149463,3.2715617673269075,3.2829716628049916,7646148
2024-06-07,3.2789891703943623,3.305703051989996,3.2648574053746007,3.2789891703943623,5540880
2024-06-10,3.240680844379919,3.2670689705213625,3.2210033447393402,3.240680844379919,1458185
2024-06-11,3.266141186151449,3.28934932863121,3.24832010986433,3.266141186151449,8045619
2024-06-12,3.2777127539934487,3.308950872874823,3.2722247541743785,3.2777127539934487,4613648
2024-06-13,3.2785594060613303,3.298582996614051,3.262134293812221,3.2785594060613303,3609215
2024-06-14,3.2663215611341707,3.280406593463059,3.2506504025936063,3.2663215611341707,3342240
2024-06-17,3.2487100763422716,3.276772693183138,3.2442019624221037,3.2487100763422716,3807221
2024-06-18,3.233233433228564,3.247584400935098,3.210683613764571,3.233233433228564,3018706
2024-06-19,3.2159938365981713,3.2178822680560235,3.21180851006664,3.2159938365981713,4020432
2024-06-20,3.2272933736426577,3.244150004488969,3.219936472953559,3.2272933736426577,3936269
2024-06-21,3.1870642659111574,3.2171772793511764,3.1607448792482065,3.1870642659111574,2371340
2024-06-24,3.2224254434222805,3.253853422143736,3.2002821135295405,3.2224254434222805,4448716
2024-06-25,3.1785901583528045,3.1952450539443844,3.1602890776721764,3.1785901583528045,6956157
2024-06-26,3.1627985133897902,3.1801594294535636,3.1398815963414384,3.1627985133897902,3692884
2024-06-27,3.129982876326941,3.138677429179786,3.1188976894538847,3.129982876326941,2827889
2024-06-28,3.139569321824367,3.1492564696731415,3.1153882635383545,3.139569321824367,2860698
2024-07-01,3.1715697785962043,3.1800431781642535,3.1514845881868694,3.1715697785962043,5475295
2024-07-02,3.203743383073323,3.227824593815894,3.1743339394222656,3.203743383073323,8499006
2024-07-03,3.2065474730838,3.2073809369054653,3.1871361024052405,3.2065474730838,5984884
2024-07-04,3.187742944215821,3.1972651221033774,3.1559983216160656,3.187742944215821,6969386
2024-07-05,3.1937214601743764,3.22428717203472,3.18306830271983,3.1937214601743764,5443615
2024-07-08,3.180789180950065,3.2008678364204233,3.1735461839012604,3.180789180950065,4309039
2024-07-09,3.156662028455595,3.1876712929389717,3.1427730961054006,3.156662028455595,7846876
2024-07-10,3.202114839659317,3.2295700244238565,3.176277229930478,3.202114839659317,3702345
2024-07-11,3.1988805848751123,3.214543208378481,3.187695606244946,3.1988805848751123,1087123
2024-07-12,3.24227642502036,3.2445069231759596,3.227723895637772,3.24227642502036,6242176
2024-07-15,3.2673328808303386,3.277939345109407,3.24122714824477,3.2673328808303386,8568081
2024-07-16,3.225917459200529,3.241582937756345,3.1990970834212487,3.225917459200529,9847637
2024-07-17,3.28500287011181,3.2968522765876127,3.269782520707583,3.28500287011181,3226036
2024-07-18,3.27607278985131,3.2827928512478977,3.2681780997977645,3.27607278985131,8988208
2024-07-19,3.2962687444624468,3.319731689463728,3.268434200146808,3.2962687444624468,6292977
2024-07-22,3.262879196274851,3.265145964803677,3.2325021383517485,3.262879196274851,6949085
2024-07-23,3.2573514965974955,3.275841024308301,3.2406119519228294,3.2573514965974955,7156121
2024-07-24,3.223532085552772,3.237419804909484,3.222945470244954,3.223532085552772,6056089
2024-07-25,3.2208035435269586,3.2295121437981607,3.201501135581259,3.2208035435269586,3579768
2024-07-26,3.185749168638793,3.200793198125729,3.169104929828033,3.185749168638793,2888060
2024-07-29,3.208926449430385,3.218214756063023,3.1938626880302072,3.208926449430385,4065481
2024-07-30,3.2137571856572373,3.2320034885211935,3.1923783962985017,3.2137571856572373,8847443
2024-07-31,3.2237373817792108,3.2397799128776823,3.2043770102927223,3.2237373817792108,1347477
2024-08-01,3.2294424691328776,3.229545334337673,3.222015596803492,3.2294424691328776,5189936
2024-08-02,3.257239252926523,3.2673216866880663,3.250132764382356,3.257239252926523,2208525
2024-08-05,3.248885108467407,3.2537301360901485,3.2256491664683344,3.248885108467407,1953460
2024-08-06,3.2548770262238866,3.260340741002847,3.2521554937552652,3.2548770262238866,6866642
2024-08-07,3.28049020208981,3.2934388918593736,3.2654806982526443,3.28049020208981,5540247
2024-08-08,3.2678020190787302,3.296571386624362,3.2669545167389216,3.2678020190787302,1222829
2024-08-09,3.2884462159140835,3.3008949122353757,3.2768905826165318,3.2884462159140835,2838678
2024-08-12,3.2857677000847314,3.303674139921734,3.2675768801398015,3.2857677000847314,1918064
2024-08-13,3.301405933659754,3.3126484727800705,3.2748093216327177,3.301405933659754,9288914
2024-08-14,3.2971098750415253,3.3237796042837275,3.2960917222274166,3.2971098750415253,6363659
2024-08-15,3.2998815670347432,3.3156945054296516,3.2944308283060693,3.2998815670347432,9485639
2024-08-16,3.314738444150464,3.3296863685412994,3.2930850900152095,3.314738444150464,8799917
2024-08-19,3.3125558548143146,3.315550948843919,3.284481647641863,3.3125558548143146,8368547
2024-08-20,3.3480860812874487,3.3720646917268793,3.3363389329639626,3.3480860812874487,8243292
2024-08-21,3.3396818964572135,3.3729366237599474,3.324171073755347,3.3396818964572135,8037651
2024-08-22,3.3704549395893713,3.3795210369821906,3.367153226730407,3.3704549395893713,5119430
2024-08-23,3.3410594194553496,3.3547664177255614,3.3258761788221616,3.3410594194553496,4334131
2024-08-26,3.332982466364744,3.338245191298282,3.317791320419778,3.332982466364744,3176547
2024-08-27,3.317951359659463,3.346873252240118,3.304990721869742,3.317951359659463,8489717
2024-08-28,3.275246198693818,3.277357015900886,3.2475412540480235,3.275246198693818,5972742
2024-08-29,3.2874906494125415,3.296103305798089,3.2651283623146905,3.2874906494125415,5254763
2024-08-30,3.304699603308218,3.3064718506229025,3.298942034611253,3.304699603308218,8352265
2024-09-02,3.2548225350968414,3.2650699236619998,3.230295565129876,3.2548225350968414,1134801
2024-09-03,3.22246813378671,3.2282089412312636,3.2139636232674396,3.22246813378671,9879488
2024-09-04,3.2481895782241734,3.2672327819323663,3.2295955656311044,3.2481895782241734,5362937
2024-09-05,3.2595287580005734,3.2832314865453065,3.2373432223861065,3.2595287580005734,1974247
2024-09-06,3.2869302204733746,3.3158951324357497,3.261897262598832,3.2869302204733746,5775227
2024-09-09,3.302418657994264,3.333786552591377,3.2944305484430276,3.302418657994264,2303438
2024-09-10,3.304321079524853,3.309545848975219,3.3041441200156454,3.304321079524853,1384239
2024-09-11,3.2538642157010362,3.268352409825208,3.2347960925655403,3.2538642157010362,6400432
2024-09-12,3.2733495974107423,3.3042011847106827,3.2476813614733118,3.2733495974107423,7012230
2024-09-13,3.3134513703228374,3.3275250710508404,3.30725625731804,3.3134513703228374,3743908
2024-09-16,3.3364588187197484,3.364278721791341,3.3354666378848306,3.3364588187197484,3572315
2024-09-17,3.3361586912538135,3.3637543953169526,3.307859639983198,3.3361586912538135,9586486
2024-09-18,3.2776318263001314,3.3074462063170307,3.2456930139118394,3.2776318263001314,8431854
2024-09-19,3.289438969023284,3.304142761225809,3.2571697623180897,3.289438969023284,7924264
2024-09-20,3.2896235125579865,3.2933463313054268,3.261224229399919,3.2896235125579865,6666106
2024-09-23,3.290047989553915,3.3174038322642967,3.2827064766789533,3.290047989553915,3875938
2024-09-24,3.2758538057347577,3.2816299927687886,3.2708927169633566,3.2758538057347577,9770611
2024-09-25,3.244558669945077,3.2507475406945185,3.2204834085936715,3.244558669945077,9772173
2024-09-26,3.252273494537387,3.2799717396102612,3.2419076813062726,3.252273494537387,1769852
2024-09-27,3.264665739324726,3.2941183170469293,3.2475209204808415,3.264665739324726,1155057
2024-09-30,3.277303478792934,3.3064912476272657,3.2752120175337898,3.277303478792934,2230858
2024-10-01,3.3147915135053605,3.3411265709415225,3.290904458315508,3.3147915135053605,5527266
2024-10-02,3.2891592210110643,3.3009561318724097,3.276088117239737,3.2891592210110643,9991796
2024-10-03,3.2653723712536653,3.2931873205931876,3.2460755801961008,3.2653723712536653,7462728
2024-10-04,3.261689237096527,3.290896801481587,3.25752824279013,3.261689237096527,4229626
2024-10-07,3.287099466510215,3.307863635457189,3.258322158081322,3.287099466510215,6325285
2024-10-08,3.2680474089871616,3.2847542586393215,3.2590890038417513,3.2680474089871616,7775336
2024-10-09,3.2368206338240983,3.252981306700995,3.2087446096495666,3.2368206338240983,1418118
2024-10-10,3.25749752512787,3.28838144953774,3.238921092461575,3.25749752512787,5293660
2024-10-11,3.2656670375366295,3.279415116767683,3.2563120247871606,3.2656670375366295,7450209
2024-10-14,3.2742422609732347,3.2882082757454354,3.259725686201292,3.2742422609732347,7977541
2024-10-15,3.2652342065495743,3.2900979503786423,3.2365092489422853,3.2652342065495743,5840662
2024-10-16,3.261465572455633,3.2670521481131427,3.258040279555255,3.261465572455633,4418872
2024-10-17,3.302207157707209,3.3315006092388835,3.279360770899301,3.302207157707209,5017433
2024-10-18,3.32554111626463,3.350206999815197,3.318209033943681,3.32554111626463,2103893
2024-10-21,3.282648706412315,3.298541345778885,3.264213401919797,3.282648706412315,3811174
2024-10-22,3.2773824869347985,3.2851663237061786,3.261030720224907,3.2773824869347985,1367214
2024-10-23,3.2902832208449695,3.322093547891592,3.268608222580157,3.2902832208449695,1721452
2024-10-24,3.2925290999747094,3.308258153827628,3.2618043328711748,3.2925290999747094,1622762
2024-10-25,3.252332999193343,3.279666606644638,3.2485801854831924,3.252332999193343,8140558
2024-10-28,3.2562428720787144,3.2674013964327036,3.229170058572217,3.2562428720787144,8668895
2024-10-29,3.2020224502983288,3.206906170166734,3.19334260516641,3.2020224502983288,5069551
2024-10-30,3.1925262304304463,3.217453302400263,3.163122956017642,3.1925262304304463,1974268
2024-10-31,3.1983587950509484,3.2281234651833675,3.1812475991811833,3.1983587950509484,1785459
2024-11-01,3.141812446897972,3.143815053413548,3.1411110794271466,3.141812446897972,4207556
2024-11-04,3.1102641278392267,3.1242535979023973,3.096000180647799,3.1102641278392267,2254980
2024-11-05,3.1621284738608777,3.1747861080078144,3.1319377022573898,3.1621284738608777,3462260
2024-11-06,3.186997567610128,3.205930626546479,3.1595943471357724,3.186997567610128,5354631
2024-11-07,3.1830342242445644,3.193202886074134,3.1706574940824614,3.1830342242445644,2965494
2024-11-08,3.156088334421461,3.1628141672652412,3.135385871927302,3.156088334421461,6786705
2024-11-11,3.13502021090968,3.148619636172129,3.125046275030872,3.13502021090968,3166557
2024-11-12,3.1255270347422845,3.1329404216266257,3.1051945485602066,3.1255270347422845,5922576
2024-11-13,3.1580770217100613,3.1786507717992682,3.1399722296446413,3.1580770217100613,9818738
2024-11-14,3.14395605503226,3.151413274961487,3.131038988600392,3.14395605503226,2917238
2024-11-15,3.118569146239312,3.142764855451911,3.107720227940551,3.118569146239312,7930499
2024-11-18,3.1260914633820973,3.1560631362734486,3.1120686553350416,3.1260914633820973,2111881
2024-11-19,3.1281624351861543,3.136249980629198,3.1216045545537106,3.1281624351861543,1325025
2024-11-20,3.067029931190239,3.075870479572385,3.041509817203145,3.067029931190239,2374710
2024-11-21,3.0681670376969574,3.086743942953381,3.0522491006343833,3.0681670376969574,7894404
2024-11-22,3.025858224313083,3.0269068470369658,3.0104846127474296,3.025858224313083,7352806
2024-11-25,3.0097167684329627,3.02192484637196,2.992898318567686,3.0097167684329627,9745566
2024-11-26,3.0306621934682685,3.0513652154861366,3.021857375825472,3.0306621934682685,3379403
2024-11-27,3.0270205230870335,3.0333187352982685,3.0120091760920427,3.0270205230870335,1527967
2024-11-28,3.019378684820757,3.020236174653219,3.0010931605632205,3.019378684820757,5445087
2024-11-29,3.029263939507432,3.0331370784840823,3.0239258740446533,3.029263939507432,5457615
2024-12-02,3.0319553352935587,3.060661615734828,3.006980743966276,3.0319553352935587,6707368
2024-12-03,2.997742076977138,3.0060771030930358,2.9887059214935765,2.997742076977138,4810315
2024-12-04,2.9988091035835334,3.021223956624879,2.9816505580066557,2.9988091035835334,4260898
2024-12-05,3.0368648259942383,3.0580528940468197,3.0325624860937492,3.0368648259942383,4038942
2024-12-06,3.0381313779714993,3.040487128943877,3.0128149983721335,3.0381313779714993,9344397
2024-12-09,3.0552535172264372,3.0722988785897947,3.0537447789521543,3.0552535172264372,2504873
2024-12-10,3.0672641708252186,3.0916139575705732,3.051479695175261,3.0672641708252186,6311437
2024-12-11,3.0961830208923495,3.1065768513030387,3.0902649412464482,3.0961830208923495,9702461
2024-12-12,3.1169757750524827,3.1225519450338592,3.1054378399410703,3.1169757750524827,9404151
2024-12-13,3.1343979265033224,3.143369527223223,3.1138293661886642,3.1343979265033224,1725679
2024-12-16,3.128847188818557,3.1293309830680074,3.1120025001535914,3.128847188818557,6800232
2024-12-17,3.108232747575215,3.1105832093411596,3.10383946904413,3.108232747575215,7040654
2024-12-18,3.1187457043097795,3.119261409472284,3.117835579422249,3.1187457043097795,9284988
2024-12-19,3.0610961506018324,3.081949718115846,3.0555073220865445,3.0610961506018324,9356608
2024-12-20,3.0611973862130775,3.068943408508921,3.0475244012581197,3.0611973862130775,7767417
2024-12-23,3.068765628433101,3.098493464019155,3.0448940536234015,3.068765628433101,7478434
2024-12-24,3.064744191278723,3.09259252233631,3.0527207823244127,3.064744191278723,9591792
2024-12-25,3.0418966027304544,3.0664067199621066,3.0277543756601144,3.0418966027304544,6237130
2024-12-26,3.0492643542305253,3.0687267249117034,3.0425731334218655,3.0492643542305253,9002839
2024-12-27,3.0351845602303973,3.044141251223425,3.0207268197654678,3.0351845602303973,1924895
2024-12-30,3.0449459247082675,3.046449790476921,3.0447265920955964,3.0449459247082675,6707791
2024-12-31,3.0229038785261775,3.0458484357338222,3.0124865894240314,3.0229038785261775,6702293
2025-01-01,2.9893091906138687,3.0090504905330757,2.9836182663428934,2.9893091906138687,9498902
2025-01-02,3.019858265072215,3.038562005487301,2.9903289324279587,3.019858265072215,5087519
2025-01-03,3.0055612581573534,3.007672016555011,2.9876752789288994,3.0055612581573534,1148245
2025-01-06,3.030810312268169,3.0444776109454947,3.002307549102221,3.030810312268169,1638629
2025-01-07,3.0334809064516115,3.062659471116787,3.007771962808622,3.0334809064516115,3934186
2025-01-08,3.002722644322958,3.024983432054326,2.9950251753919748,3.002722644322958,4797867
2025-01-09,3.0425014124755507,3.0566395831489266,3.039632690409231,3.0425014124755507,6548373
2025-01-10,3.03484144192131,3.055945019882297,3.0127876725441336,3.03484144192131,9303016
2025-01-13,3.0388090039572138,3.058443828537524,3.0110820742698734,3.0388090039572138,8276950
2025-01-14,3.080065635308066,3.0984254917344454,3.05897735437018,3.080065635308066,3206561
2025-01-15,3.084480313682485,3.1108081811467674,3.074965535928988,3.084480313682485,5013649
2025-01-16,3.0654662867282436,3.0756150052426885,3.0511950302129573,3.0654662867282436,1897115
2025-01-17,3.046090505884362,3.0614781432353237,3.032013000819595,3.046090505884362,2124426
2025-01-20,3.071391464042736,3.097035133942266,3.0450282586967217,3.071391464042736,5178204
2025-01-21,3.0489037136140236,3.0564712251983477,3.0254588654377956,3.0489037136140236,9330357
2025-01-22,3.033058952017056,3.052238832918393,3.005962279852783,3.033058952017056,5824553
2025-01-23,3.0708028739304796,3.0868329956682268,3.0656170018365043,3.0708028739304796,1215864
2025-01-24,3.0704042284109514,3.0781365375764578,3.067455811708005,3.0704042284109514,2708096
2025-01-27,3.08411864745037,3.112808498886398,3.070657665745418,3.08411864745037,5211079
2025-01-28,3.12433405668973,3.1488058195913604,3.0943612628764736,3.12433405668973,7462622
2025-01-29,3.1712834332041813,3.18485909732744,3.1542368406755075,3.1712834332041813,5298641
2025-01-30,3.1617920189064503,3.1916153095936215,3.142284116128188,3.1617920189064503,7925637
2025-01-31,3.1385661775250204,3.1556377124479407,3.137659898884536,3.1385661775250204,4557198
2025-02-03,3.1147197426156605,3.1220935698475354,3.1098539641863083,3.1147197426156605,4433747
2025-02-04,3.1027888153501397,3.1193046114020313,3.076604299636963,3.1027888153501397,1129310
2025-02-05,3.134840695803171,3.15360067301839,3.1053294027877127,3.134840695803171,3802490
2025-02-06,3.159095346343963,3.1764195569971485,3.1357517795389342,3.159095346343963,8018005
2025-02-07,3.1384397542810523,3.1523718521112896,3.134667593320238,3.1384397542810523,2567439
2025-02-10,3.1583351691051083,3.182565455813909,3.13569694680103,3.1583351691051083,9387982
2025-02-11,3.168874050805381,3.189019139366686,3.1379348445721242,3.168874050805381,5071028
2025-02-12,3.1797083585406805,3.2074831305166547,3.1782643880497985,3.1797083585406805,4357937
2025-02-13,3.208033255615491,3.224307324509817,3.1801053890949857,3.208033255615491,6760277
2025-02-14,3.2014743938586845,3.2320114633587442,3.1807221568746833,3.2014743938586845,5466492
2025-02-17,3.1964791496026006,3.2248154322321536,3.168523325581029,3.1964791496026006,2095607
2025-02-18,3.2021077762936248,3.212732408885358,3.1732247823057325,3.2021077762936248,9652847
2025-02-19,3.244310803227366,3.2637929181877374,3.2286141470731655,3.244310803227366,8029760
2025-02-20,3.246857776421313,3.2652466064146592,3.2319356858210178,3.246857776421313,2200956
2025-02-21,3.1931098894780368,3.200967466092023,3.173940461008669,3.1931098894780368,9005347
2025-02-24,3.229316742202302,3.241856203769807,3.205907776068591,3.229316742202302,5949999
2025-02-25,3.237156524296707,3.2494505005104175,3.2287528044688134,3.237156524296707,7338500
2025-02-26,3.2155612745726603,3.2448446019555557,3.2052864449182943,3.2155612745726603,7919225
2025-02-27,3.205662304921572,3.2236871208499767,3.1805443621423133,3.205662304921572,9806689
2025-02-28,3.232928262842484,3.251038061042709,3.20552929368576,3.232928262842484,2424993
2025-03-03,3.21091003778093,3.2333041400134546,3.1972676081124747,3.21091003778093,3650123
2025-03-04,3.223820229528143,3.2544434437840914,3.201330814254492,3.223820229528143,8616444
2025-03-05,3.209834204117291,3.2276752120078633,3.1914303798402166,3.209834204117291,9879477
2025-03-06,3.2470985790406504,3.263896651419677,3.2381580889667614,3.2470985790406504,3440065
2025-03-07,3.2234314729871727,3.238048372185639,3.1943777298792875,3.2234314729871727,4659991
2025-03-10,3.232213405224465,3.251328236621855,3.2269451188316247,3.232213405224465,6911410
2025-03-11,3.270925447926567,3.2925953570877713,3.2676311898236854,3.270925447926567,2021682
2025-03-12,3.2858767575261,3.298469684222868,3.270084321898565,3.2858767575261,7611647
2025-03-13,3.3126229966830207,3.3451703168457843,3.308738192812721,3.3126229966830207,2803556
2025-03-14,3.356305876799212,3.3768670456611174,3.33734036336172,3.356305876799212,3259321
2025-03-17,3.369490538713966,3.3839449218803863,3.339836043943056,3.369490538713966,4191699
2025-03-18,3.4143403383319244,3.4332760113834504,3.4091674588470977,3.4143403383319244,3286645
2025-03-19,3.4644271698234053,3.489282518194905,3.449839442748004,3.4644271698234053,1633699
2025-03-20,3.4644505936469647,3.4910742792043985,3.451694936709377,3.4644505936469647,1737788
2025-03-21,3.4363703016529272,3.4436192529799055,3.409952322293164,3.4363703016529272,9796866
2025-03-24,3.4632107737805584,3.473491481645637,3.4350173860124236,3.4632107737805584,3880258
2025-03-25,3.47374536891673,3.4931776164115886,3.4678110507032534,3.47374536891673,8716649
2025-03-26,3.4736194157234883,3.4814435976302964,3.464015033204454,3.4736194157234883,1661061
2025-03-27,3.479554777385668,3.49672434971861,3.4687352312605997,3.479554777385668,2711344
2025-03-28,3.4995066222687603,3.518799347011436,3.4706801838830663,3.4995066222687603,2254680
2025-03-31,3.4651827771227746,3.494327912199731,3.453282118704622,3.4651827771227746,1414052
2025-04-01,3.4325213332990003,3.440718851952977,3.420849560027753,3.4325213332990003,4603885
2025-04-02,3.4217117648447033,3.452478105031349,3.407227507034744,3.4217117648447033,4287069
2025-04-03,3.3794549077926685,3.403561906245841,3.368026861098968,3.3794549077926685,9646055
2025-04-04,3.372311027718438,3.394421654037535,3.3415853161777043,3.372311027718438,7610854
2025-04-07,3.3314746324209574,3.345014898871724,3.3119274218957786,3.3314746324209574,8187753
2025-04-08,3.338563977157782,3.3590994037147666,3.3110862613998027,3.338563977157782,6870934
2025-04-09,3.356769381632585,3.372486366615332,3.3423675133811,3.356769381632585,6863422
2025-04-10,3.3906902507830634,3.403284641560292,3.3628349668860653,3.3906902507830634,2513210
2025-04-11,3.358787463132993,3.3760299181037,3.356286138644702,3.358787463132993,3455206
2025-04-14,3.3578760496689437,3.369332920700276,3.329104705832583,3.3578760496689437,3905093
2025-04-15,3.3435202327763576,3.368067622772364,3.3316077190877342,3.3435202327763576,8954298
2025-04-16,3.360994417071211,3.3846089426052752,3.344269215671244,3.360994417071211,1462452
2025-04-17,3.358940914125435,3.3604668861495677,3.336502213409696,3.358940914125435,2128498
2025-04-18,3.339402846534743,3.363838553989528,3.319112485522673,3.339402846534743,8049238
2025-04-21,3.348258806806874,3.3588316327411003,3.347055407207062,3.348258806806874,6595116
2025-04-22,3.340937181005742,3.3661079797719986,3.321710679396733,3.340937181005742,7782089
2025-04-23,3.344157159701648,3.3499877637402693,3.339886946576645,3.344157159701648,9525704
2025-04-24,3.34253719868185,3.356520138942872,3.312784268017181,3.34253719868185,8491803
2025-04-25,3.3317020293800486,3.342235734473039,3.322330454284673,3.3317020293800486,7292548
2025-04-28,3.3463842067714236,3.358903273192346,3.3161148984016227,3.3463842067714236,2188612
2025-04-29,3.3584368458355476,3.361528042385368,3.3513107937539304,3.3584368458355476,1823963
2025-04-30,3.390715306083725,3.4198894971381404,3.357827741224271,3.390715306083725,3944261
2025-05-01,3.3959099260252836,3.420074573637584,3.3686529545986015,3.3959099260252836,5659082
2025-05-02,3.44072776929395,3.4572810773459524,3.433951421472045,3.44072776929395,5838031
2025-05-05,3.4228692069615185,3.4362245836749956,3.3888844085626832,3.4228692069615185,9951070
2025-05-06,3.4303417547799357,3.44854777529189,3.418831541464737,3.4303417547799357,5727530
2025-05-07,3.4743812235275424,3.4866152248586033,3.4590383089330503,3.4743812235275424,7388188
2025-05-08,3.4241487311880037,3.4576885951042646,3.3900362831836843,3.4241487311880037,7143342
2025-05-09,3.4137915693878607,3.4195212781491713,3.382288317202645,3.4137915693878607,9516801
2025-05-12,3.4605446515673544,3.4888897848699623,3.4500546260079346,3.4605446515673544,7198897
2025-05-13,3.447580102972641,3.475563325698776,3.4175554329554303,3.447580102972641,8381067
2025-05-14,3.4320355819259865,3.4494778197001486,3.4040880290081303,3.4320355819259865,4995290
2025-05-15,3.42886873416759,3.4358905223702676,3.4204524900135884,3.42886873416759,9806416
2025-05-16,3.471470813904925,3.5042770990258916,3.461521014371152,3.471470813904925,6447366
2025-05-19,3.4977510354373016,3.508723671892798,3.4754375523202676,3.4977510354373016,4330463
2025-05-20,3.478685962066164,3.4868917170053226,3.465803743861698,3.478685962066164,9061183
2025-05-21,3.4913410322479113,3.5019631492384318,3.4572618381385367,3.4913410322479113,5762856
2025-05-22,3.5242576821408997,3.532517772256023,3.5058612207287063,3.5242576821408997,2187778
2025-05-23,3.483820403635685,3.506376764221067,3.449240935897833,3.483820403635685,8424620
2025-05-26,3.52547610907624,3.528143770958276,3.512809222425348,3.52547610907624,8063586
2025-05-27,3.475557905974935,3.4955292914262293,3.471197461842352,3.475557905974935,2889403
2025-05-28,3.500445024826414,3.5117709395293257,3.4718782197658924,3.500445024826414,5183273
2025-05-29,3.532036271704025,3.5453126363554768,3.5041540436135836,3.532036271704025,7551429
2025-05-30,3.509559488760062,3.5275665443553383,3.496624954353723,3.509559488760062,1355253
2025-06-02,3.537328140809761,3.5533705010793937,3.516801205839283,3.537328140809761,2893231
2025-06-03,3.537289476279791,3.5545891065242694,3.516101381354612,3.537289476279791,2994855
2025-06-04,3.553188773378271,3.5640149830325036,3.5287970149890104,3.553188773378271,3664145
2025-06-05,3.5196032032005427,3.5303345620310314,3.489919105318831,3.5196032032005427,3649589
2025-06-06,3.5055115519161486,3.5185134677847154,3.5050675470214254,3.5055115519161486,8017228
2025-06-09,3.5575616077840633,3.5824299419163688,3.522213832218873,3.5575616077840633,2332337
2025-06-10,3.577766440693149,3.6002715322914005,3.5552506154605013,3.577766440693149,7524044
2025-06-11,3.5925334230374495,3.6238788354245424,3.5721029432636673,3.5925334230374495,5538476
2025-06-12,3.6093477223749044,3.639458298311692,3.6017198541150988,3.6093477223749044,4882240
2025-06-13,3.600465548680814,3.6170228575695793,3.5698355590461928,3.600465548680814,5385103
2025-06-16,3.58183939978782,3.5897935740698284,3.5803336304257707,3.58183939978782,5082159
2025-06-17,3.5494599704772263,3.5615748010991255,3.5319178410156113,3.5494599704772263,1925435
2025-06-18,3.5370477899528425,3.545312356380784,3.52218631445049,3.5370477899528425,3170832
2025-06-19,3.506340388856544,3.5171242607599495,3.503410212908242,3.506340388856544,5223651
2025-06-20,3.539222060075695,3.5729089746400766,3.5383043773289997,3.539222060075695,8056685
2025-06-23,3.5316012570526616,3.5416291620860543,3.5303499213973732,3.5316012570526616,8188988
2025-06-24,3.5101229028966245,3.531767900726656,3.505714212313077,3.5101229028966245,3600549
2025-06-25,3.4517119711711466,3.476391941262492,3.43467385788062,3.4517119711711466,8317621
2025-06-26,3.4269438165751747,3.4270256112516555,3.4260592719506975,3.4269438165751747,2522325
2025-06-27,3.4217160156250186,3.4422562040590705,3.4186038274379187,3.4217160156250186,8950094
2025-06-30,3.4352738869710993,3.444948708450885,3.4027410123556945,3.4352738869710993,1665410
2025-07-01,3.4499032722647427,3.479941038637389,3.430382020541199,3.4499032722647427,2984634
2025-07-02,3.4138851138084823,3.436556853253011,3.403692164395343,3.4138851138084823,6528898
2025-07-03,3.4189690423614083,3.441355831754055,3.4010911885243384,3.4189690423614083,8427860
2025-07-04,3.434451766003597,3.4620333569005957,3.406677910581282,3.434451766003597,1008544
2025-07-07,3.4689258914904957,3.4809443237680497,3.4516388991071305,3.4689258914904957,7724632
2025-07-08,3.4916881572597678,3.4924998858210135,3.488735107873772,3.4916881572597678,4842491
2025-07-09,3.460885396215941,3.4835428180417414,3.430026784821851,3.460885396215941,7595270
2025-07-10,3.444949798452975,3.477293871437818,3.4126879214400843,3.444949798452975,1794886
2025-07-11,3.4864950259484666,3.5166815559792126,3.4640980490261852,3.4864950259484666,7201736
2025-07-14,3.5172532375942254,3.5353326406452243,3.4858879444412234,3.5172532375942254,7525171
2025-07-15,3.504498963775053,3.536410293766694,3.4982127057973953,3.504498963775053,6724737
2025-07-16,3.5547645657524605,3.559792780321171,3.547248505192731,3.5547645657524605,2382242
2025-07-17,3.5119863835099716,3.535494797612266,3.487899890994736,3.5119863835099716,8557091
2025-07-18,3.5300099517791854,3.539463375331144,3.506359771213727,3.5300099517791854,2287993
2025-07-21,3.5108925027616,3.5124144540546722,3.502324962949478,3.5108925027616,5663112
2025-07-22,3.5091533652249964,3.5226547599092775,3.4822964740672533,3.5091533652249964,2073307
2025-07-23,3.5081204636967014,3.5221878714557295,3.5018930109602437,3.5081204636967014,6027138
2025-07-24,3.54299968032787,3.576211138712006,3.531424802721412,3.54299968032787,7909550
2025-07-25,3.502833540714751,3.530110956186844,3.4880554366739465,3.502833540714751,6553404
2025-07-28,3.527196090749296,3.5607377913867158,3.5066697019869415,3.527196090749296,9770672
2025-07-29,3.4937839936793798,3.504700829612258,3.4862078541701913,3.4937839936793798,7467984
2025-07-30,3.5026117624167448,3.5164216808906033,3.4909556681138816,3.5026117624167448,5849772
2025-07-31,3.520045110289244,3.5201647585708815,3.5073808376726503,3.520045110289244,9768670
2025-08-01,3.5642644453065553,3.5973716870912718,3.5540023576126827,3.5642644453065553,1122776
2025-08-04,3.5562847498338335,3.5848669179634416,3.531986407920739,3.5562847498338335,7143555
2025-08-05,3.592762403731426,3.6229657939923854,3.5877641916650127,3.592762403731426,4435547
2025-08-06,3.5315015883810412,3.55985160839547,3.504537655106714,3.5315015883810412,6450486
2025-08-07,3.551341384224416,3.575309817544629,3.5208204121915996,3.551341384224416,8578554
2025-08-08,3.5518232486387964,3.5814438482695485,3.5337785403528676,3.5518232486387964,6553967
2025-08-11,3.613884013518229,3.6318580864576853,3.6114583401686287,3.613884013518229,8884248
2025-08-12,3.560984074572906,3.5761774961070905,3.5338173531736925,3.560984074572906,3618097
2025-08-13,3.583427563398176,3.6052234354707493,3.5593833981358562,3.583427563398176,7750282
2025-08-14,3.6177471079536074,3.6503493606932924,3.6022022324046046,3.6177471079536074,8806645
2025-08-15,3.595188687545054,3.6163279033939513,3.562772346008432,3.595188687545054,1794290
2025-08-18,3.630156250794623,3.6643863264105487,3.601300667247839,3.630156250794623,1966090
2025-08-19,3.6963011098629743,3.6985925956324532,3.6720957645281964,3.6963011098629743,5769754
2025-08-20,3.726939371531914,3.7338725586172083,3.714119988192272,3.726939371531914,6824118
2025-08-21,3.729059079972426,3.743630889035245,3.7108587123746886,3.729059079972426,4146899
2025-08-22,3.7214490883874287,3.734506639566989,3.7184575125049872,3.7214490883874287,7865483
2025-08-25,3.7897003114587715,3.825208538794796,3.7615690569703566,3.7897003114587715,4072268
2025-08-26,3.8071360973709205,3.81092952225216,3.7691205687906355,3.8071360973709205,4318078
2025-08-27,3.8329011794614414,3.847204066572284,3.8024540822903976,3.8329011794614414,9597528
2025-08-28,3.8484005117576308,3.8635011129934207,3.8275304113029827,3.8484005117576308,8083310
2025-08-29,3.8855971903272435,3.8975956028195613,3.8507242885550896,3.8855971903272435,3316530
2025-09-01,3.8976221895712975,3.9068179775057534,3.891347237141472,3.8976221895712975,3834998
2025-09-02,3.908713983673083,3.9274522835231283,3.892437974007351,3.908713983673083,8456023
2025-09-03,3.8345830683757676,3.864345127690129,3.8171369372505857,3.8345830683757676,8695064
2025-09-04,3.8201428409177063,3.845733487417505,3.802637057881018,3.8201428409177063,2524734
2025-09-05,3.879396669474422,3.8917193774806864,3.8739315011887143,3.879396669474422,7775745
2025-09-08,3.833113941992516,3.8568516885070854,3.7994094735418695,3.833113941992516,5431181
2025-09-09,3.8767715884314464,3.910854520389984,3.8607482705321976,3.8767715884314464,3073564
2025-09-10,3.900719689664026,3.9306707150600397,3.86228081664326,3.900719689664026,4277840
2025-09-11,3.910095115657866,3.9437900028603066,3.888596713060685,3.910095115657866,2014396
2025-09-12,4.009851097153677,4.027167897171121,3.9966738315800527,4.009851097153677,3372981
2025-09-15,4.042798985642617,4.076176607980889,4.040696315621443,4.042798985642617,3469741
2025-09-16,4.063411792821437,4.0988038533804145,4.044010123246906,4.063411792821437,6852200
2025-09-17,4.015626384269761,4.016440666764314,3.979186953851609,4.015626384269761,1528850
2025-09-18,4.008932136992539,4.041285578186934,3.979892164382836,4.008932136992539,7812127
2025-09-19,4.034979796969252,4.040472355491683,3.9985500108210617,4.034979796969252,9395919
2025-09-22,3.9955166686840213,3.9964976008439965,3.9869954343786294,3.9955166686840213,3537879
2025-09-23,3.994322311961321,4.0174053367544635,3.981220688858406,3.994322311961321,7497818
2025-09-24,3.9801780707632908,3.981778516555946,3.946145913622974,3.9801780707632908,5231835
2025-09-25,3.986726067602044,4.007378407132761,3.9701315145440663,3.986726067602044,5343621
2025-09-26,3.969778722585988,4.006162140290878,3.9565613351961764,3.969778722585988,9586423
2025-09-29,3.904359347565137,3.9389909953962055,3.874486567619341,3.904359347565137,6781937
2025-09-30,3.9250402364007226,3.9393204268566033,3.91384201370982,3.9250402364007226,3729467
2025-10-01,3.9337388076633486,3.9509936176945177,3.9045837202669222,3.9337388076633486,8975178
2025-10-02,3.880748843246799,3.917081032110462,3.858077328715528,3.880748843246799,2321457
2025-10-03,3.8532251512334086,3.8707576992359933,3.8224558251547283,3.8532251512334086,5026139
2025-10-06,3.897438606935828,3.9069071919067992,3.8597249114947974,3.897438606935828,2081108
2025-10-07,3.8782562478993206,3.904913719824247,3.846653081924656,3.8782562478993206,2950644
2025-10-08,3.897280370926553,3.899687777354985,3.875480957837983,3.897280370926553,6282229
2025-10-09,3.8817180538947142,3.8945754105501957,3.872851686472354,3.8817180538947142,1363396
2025-10-10,3.879436598270524,3.9118776144082754,3.863302654733838,3.879436598270524,2165014
2025-10-13,3.9100066381047807,3.937816280998504,3.8740193133457375,3.9100066381047807,1245459
2025-10-14,3.8824624651459767,3.886118860213817,3.8779691659302404,3.8824624651459767,2524296
2025-10-15,3.840086493410645,3.8625851667449504,3.8400389711290033,3.840086493410645,4459302
2025-10-16,3.8401665717383136,3.8456225457483257,3.8246211834109376,3.8401665717383136,5817501
2025-10-17,3.8218691573449703,3.8512945503535696,3.8011279415134958,3.8218691573449703,8015655
2025-10-20,3.8240489916138065,3.829734907927765,3.8195196605674924,3.8240489916138065,3936819
2025-10-21,3.8450034027075835,3.8522155480845743,3.827284095687073,3.8450034027075835,8124292
2025-10-22,3.8331689314498836,3.8582279027885944,3.8227267611493447,3.8331689314498836,7377314
2025-10-23,3.8630313054834584,3.898070939080023,3.830006359688758,3.8630313054834584,6164364
2025-10-24,3.8915699944045654,3.912358446887962,3.883560477341172,3.8915699944045654,7463207
2025-10-27,3.9104250062696986,3.918251954549172,3.9071802660307258,3.9104250062696986,7351541
2025-10-28,3.8775647697223805,3.8889222393980853,3.862090875125418,3.8775647697223805,5436490
2025-10-29,3.878866194996318,3.8828434196325836,3.8548855811324843,3.878866194996318,9183039
2025-10-30,3.8579648715676775,3.8590216886561834,3.833364688577169,3.8579648715676775,1662395
2025-10-31,3.873002373285024,3.8986606693690535,3.8722232258115494,3.873002373285024,4429339
2025-11-03,3.7970299491514847,3.8221585130467846,3.794737569103704,3.7970299491514847,4550067
2025-11-04,3.807959783988003,3.8423855792260198,3.7741011725581872,3.807959783988003,3497423
2025-11-05,3.7889749672743305,3.7991322601408193,3.755522134162316,3.7889749672743305,1076012
2025-11-06,3.76796258854027,3.770042772672072,3.747179951884796,3.76796258854027,1276231
2025-11-07,3.679792643539323,3.694007053819043,3.6554103383894456,3.679792643539323,2373984
2025-11-10,3.6689152498545274,3.6807272241210756,3.6379133018173517,3.6689152498545274,2847151
2025-11-11,3.666752578921273,3.6868797214101017,3.6312345332531093,3.666752578921273,5343975
2025-11-12,3.727906325592026,3.7646422268590714,3.6934733744758237,3.727906325592026,8720700
2025-11-13,3.724614380238078,3.737938752288777,3.724291788801028,3.724614380238078,5051998
2025-11-14,3.718296584903925,3.734095484785637,3.716896259767008,3.718296584903925,3307537
2025-11-17,3.692034397590402,3.701343486774285,3.674151413209781,3.692034397590402,4250996
2025-11-18,3.668574617972186,3.694301326312451,3.6431043469567683,3.668574617972186,5951384
2025-11-19,3.7003681828739126,3.7298428295382204,3.685883420714699,3.7003681828739126,1951969
2025-11-20,3.707283195634961,3.7277734111165115,3.6722894057397215,3.707283195634961,6813253
2025-11-21,3.660257417640167,3.691078367825147,3.6294867528970425,3.660257417640167,2828800
2025-11-24,3.649893566745189,3.6815045252081657,3.627139130050646,3.649893566745189,8482102
2025-11-25,3.6006315579673926,3.6209708968491747,3.592224300396064,3.6006315579673926,4657769
2025-11-26,3.5763751100350687,3.5888382992789976,3.5446911266370726,3.5763751100350687,7885646
2025-11-27,3.524022066099757,3.5351429923343916,3.4960105182286894,3.524022066099757,6578405
2025-11-28,3.551688466554806,3.5858272642099904,3.5309699737600884,3.551688466554806,4085307
2025-12-01,3.560707858091394,3.567955631661894,3.557104448890764,3.560707858091394,9336520
2025-12-02,3.5940518031959163,3.614101651794101,3.5584147584398376,3.5940518031959163,6394771
2025-12-03,3.57754472752959,3.5998713492459666,3.547068770206326,3.57754472752959,2607448
2025-12-04,3.6068839037162572,3.6192460903175556,3.6043238954602206,3.6068839037162572,4663855
2025-12-05,3.609512242483973,3.640267556922062,3.579528411788739,3.609512242483973,9327117
2025-12-08,3.623119919750262,3.656625516987377,3.6052763037655176,3.623119919750262,4235144
2025-12-09,3.618595496933494,3.631928922033039,3.5956418805016814,3.618595496933494,1443686
2025-12-10,3.6033977158146047,3.615901886827139,3.5692057121422898,3.6033977158146047,2779748
2025-12-11,3.5992263789923444,3.6003691050847486,3.572860473656065,3.5992263789923444,9643071
2025-12-12,3.625042315514805,3.6523107525718688,3.6042988320586717,3.625042315514805,7352853
2025-12-15,3.6306392884862837,3.6438885110575736,3.6139741960777174,3.6306392884862837,7374869
2025-12-16,3.6494124320894548,3.65118814045812,3.6432052873516456,3.6494124320894548,3163476
2025-12-17,3.6711505414203724,3.6960949041583535,3.654761402142486,3.6711505414203724,1650868
2025-12-18,3.675774126298272,3.68493605758012,3.650874696523728,3.675774126298272,4210284
2025-12-19,3.6990325226193033,3.7359098255396854,3.6717002005613693,3.6990325226193033,1278261
2025-12-22,3.702584889899208,3.7218411179206723,3.671488768375043,3.702584889899208,4878652
2025-12-23,3.7354546462308402,3.749132869837851,3.7137199480318435,3.7354546462308402,7617096
2025-12-24,3.7071448262374536,3.7106561892151633,3.687434042447673,3.7071448262374536,6885832
2025-12-25,3.705563372237462,3.72297544653176,3.692963092197593,3.705563372237462,3398173
2025-12-26,3.7163697875676354,3.717535929934746,3.6945466775404707,3.7163697875676354,3474346
2025-12-29,3.7056800611538727,3.7250850240619875,3.6886317302343206,3.7056800611538727,5962093
2025-12-30,3.7490406817200435,3.7525430333580543,3.7305686200444668,3.7490406817200435,1722179
2025-12-31,3.715087000190709,3.7161124284629983,3.689858620820393,3.715087000190709,7663563
2026-01-01,3.7325210930390122,3.7366106257812812,3.699101581787083,3.7325210930390122,8642917
2026-01-02,3.747394849816304,3.779258594219528,3.72413493577515,3.747394849816304,7533658
2026-01-05,3.7913479457753034,3.8202420994764066,3.767522698101845,3.7913479457753034,6935888
2026-01-06,3.8331108773918983,3.8457275121079944,3.8026603228847504,3.8331108773918983,5425809
2026-01-07,3.8849800906437073,3.907310428722373,3.866405896529522,3.8849800906437073,6335947
2026-01-08,3.9074292842874887,3.92725290484714,3.8928870864961582,3.9074292842874887,8742247
2026-01-09,3.9343735373119335,3.9480025450346448,3.922931017635644,3.9343735373119335,8647505
2026-01-12,3.946494612243987,3.9790519653141523,3.9407306812880343,3.946494612243987,7679268
2026-01-13,3.917045704159576,3.9555147326954865,3.8856145896730676,3.917045704159576,4581261
2026-01-14,3.9346621924038523,3.9450363428375916,3.898834757720778,3.9346621924038523,5156463
2026-01-15,3.937235285801645,3.9584354886778192,3.9152817069445014,3.937235285801645,4868660
2026-01-16,3.9599347006114045,3.983480904787055,3.9365371105734894,3.9599347006114045,4120881
2026-01-19,3.990526773750676,4.002165311087754,3.980377994194174,3.990526773750676,9673084
2026-01-20,3.9363782870976287,3.9541861175417012,3.9103341553405766,3.9363782870976287,7011856
2026-01-21,4.005058166539648,4.023540153128389,3.974256627596134,4.005058166539648,1201920
2026-01-22,3.999516152214842,4.007074387447373,3.9771115107146278,3.999516152214842,9041493
2026-01-23,3.9834797800378285,4.002792316516404,3.948521471499382,3.9834797800378285,3831036
2026-01-26,4.0107798398314465,4.035422709609998,4.006809100009812,4.0107798398314465,8760537
2026-01-27,3.972664715862339,3.976445061268468,3.9449486274804997,3.972664715862339,1130705
2026-01-28,3.946409970359877,3.9626728479747815,3.9151562394250012,3.946409970359877,6758120
2026-01-29,3.9119747623925827,3.9154250735153537,3.888976925558682,3.9119747623925827,3281798
2026-01-30,3.9822739546466273,4.018780296908342,3.9496717308617098,3.9822739546466273,5831110
2026-02-02,3.9704665510120485,3.9711057560942895,3.955465045767076,3.9704665510120485,7255114
2026-02-03,3.9298496341412914,3.9542714522376587,3.9026838142800533,3.9298496341412914,3294574
2026-02-04,3.90991460771724,3.931951620911114,3.8839759113472416,3.90991460771724,5452684
2026-02-05,3.905752763751011,3.9183181468786596,3.885905707372636,3.905752763751011,1301886
2026-02-06,3.846939255680698,3.873996248135658,3.8436860046430494,3.846939255680698,9646775
2026-02-09,3.856561979007456,3.8630714862432423,3.827774690954378,3.856561979007456,7462075
2026-02-10,3.8768569195221785,3.9116645110489223,3.853953493652593,3.8768569195221785,2237574
2026-02-11,3.842969599147923,3.8586384906924107,3.807004121658146,3.842969599147923,5702816
2026-02-12,3.849360452927862,3.851903141529837,3.821873557822689,3.849360452927862,6169308
2026-02-13,3.848614682282035,3.8673164583215103,3.824948280802542,3.848614682282035,5995505
2026-02-16,3.848241457965118,3.871525798319857,3.8279432523405106,3.848241457965118,1560309
2026-02-17,3.903946435668968,3.9247055143289695,3.8831826069986013,3.903946435668968,8536945
2026-02-18,3.882737309705939,3.8891090405699806,3.8467688187033344,3.882737309705939,5127388
2026-02-19,3.842888984944034,3.867869625913038,3.8274769304468323,3.842888984944034,5771485
2026-02-20,3.8099523405599367,3.8303824938897915,3.7805521971897393,3.8099523405599367,5910888
2026-02-23,3.8134283035514653,3.850919630005184,3.781116090194722,3.8134283035514653,7836459
2026-02-24,3.8152419443628647,3.8168647856078532,3.810076581652194,3.8152419443628647,6919385
2026-02-25,3.815926052257769,3.8335209823373577,3.7821479481127556,3.815926052257769,6745469
2026-02-26,3.854501988215835,3.8831089799848,3.818203744995133,3.854501988215835,5026936
2026-02-27,3.8160559743351454,3.84749511135991,3.7795004015367857,3.8160559743351454,7809525
2026-03-02,3.840866833195309,3.8765120134754203,3.810796635964239,3.840866833195309,3206690
2026-03-03,3.8479688033002244,3.8503278297956,3.83222205233792,3.8479688033002244,4846328
2026-03-04,3.85600114311781,3.8718947796968886,3.8296272880366615,3.85600114311781,7590075
2026-03-05,3.82043688277447,3.8518814848166487,3.7944466367606253,3.82043688277447,1390705
2026-03-06,3.803618847572041,3.8225990874979354,3.7913397730579295,3.803618847572041,7611462
2026-03-09,3.785405331012276,3.803245444159359,3.7626318411673005,3.785405331012276,4566952
2026-03-10,3.74851999129376,3.7668469112614305,3.7205597521625053,3.74851999129376,7888632
2026-03-11,3.7722181282497234,3.79138297419649,3.7605680256130105,3.7722181282497234,2421499
2026-03-12,3.794768915788376,3.8181166536800073,3.760921528512657,3.794768915788376,7822924
2026-03-13,3.824998180930878,3.839624825340787,3.8035511585839856,3.824998180930878,2867611
2026-03-16,3.8290141160034685,3.863833633073857,3.79317943817533,3.8290141160034685,2569810
2026-03-17,3.895642534612999,3.897723885776548,3.8674020093669945,3.895642534612999,7589510
2026-03-18,3.888249071319976,3.89034957616113,3.8799970465894655,3.888249071319976,6642899
2026-03-19,3.837398207775176,3.8478788468466485,3.8020132011966976,3.837398207775176,5911568
2026-03-20,3.856148279473257,3.873360653418397,3.8401920967070966,3.856148279473257,8971372
2026-03-23,3.8977104665057687,3.926686550950706,3.8941325871323005,3.8977104665057687,5721530
2026-03-24,3.943488270155877,3.9591608451037903,3.9395160733187913,3.943488270155877,8188311
2026-03-25,3.975802586353506,3.992875273385493,3.9373403501675077,3.975802586353506,5432476
2026-03-26,3.960645768089125,3.9983684377846638,3.9357183336706356,3.960645768089125,3846780
2026-03-27,3.9620147587918924,3.976266467412441,3.94893185718118,3.9620147587918924,6706062
2026-03-30,3.877138984721663,3.9102093064135115,3.8445601721261395,3.877138984721663,7394849
2026-03-31,3.8741356398907585,3.9005441054541334,3.8599307610600095,3.8741356398907585,1474032
2026-04-01,3.8038918008640716,3.823650418902778,3.7912438510946633,3.8038918008640716,6983341
2026-04-02,3.7988123191614314,3.809638111709452,3.782845972851499,3.7988123191614314,7067840
2026-04-03,3.799973802700202,3.8172435055039706,3.7661912971565066,3.799973802700202,5120250
2026-04-06,3.83228405645893,3.8571156849039485,3.800697931909644,3.83228405645893,8617835
2026-04-07,3.8405561353786446,3.846942817278843,3.824023895092828,3.8405561353786446,3529121
2026-04-08,3.8875214965110345,3.892628815812047,3.874408566015109,3.8875214965110345,6033088
2026-04-09,3.9346544716503913,3.971497603390305,3.904536558142258,3.9346544716503913,5492507
2026-04-10,3.9519745336506777,3.9803113089582918,3.92001709068403,3.9519745336506777,6770903
2026-04-13,3.9214880071192666,3.9583691087821054,3.915173096017645,3.9214880071192666,3710750
2026-04-14,3.921691193683527,3.9261659413597734,3.9022468281347478,3.921691193683527,2777754
2026-04-15,3.94785622608548,3.972504920702939,3.908993032578148,3.94785622608548,1643030
2026-04-16,3.978399503073304,4.011373556685748,3.959902966883833,3.978399503073304,2861569
2026-04-17,3.9784921913123483,4.015405059420939,3.9580646167573748,3.9784921913123483,4324397
2026-04-20,4.006000510710145,4.026541367482116,3.972614413654697,4.006000510710145,9734293
2026-04-21,4.019899364506751,4.051651505783419,3.989250569505614,4.019899364506751,1074572
2026-04-22,4.0454575688828385,4.076607714263428,4.032590646690181,4.0454575688828385,3843199
2026-04-23,4.066477283671837,4.068769601399761,4.029938001097137,4.066477283671837,3367913
2026-04-24,4.072051500605819,4.110273430336927,4.064544181234939,4.072051500605819,1515016
2026-04-27,4.071839109818308,4.08686948146484,4.055719524566448,4.071839109818308,3046650
2026-04-28,4.0329824968173416,4.050998725151058,4.030048162819707,4.0329824968173416,9354056
2026-04-29,4.069041085960895,4.0888230776242045,4.060886090644402,4.069041085960895,7535539
2026-04-30,4.100429116756274,4.111218143948403,4.0738289517702455,4.100429116756274,2338154
2026-05-01,4.12879095319575,4.155035184616694,4.09031727389981,4.12879095319575,3187007
2026-05-04,4.081873856162684,4.118194664145053,4.077213093240434,4.081873856162684,3130695
2026-05-05,4.081942770283749,4.110609898525574,4.046105943738026,4.081942770283749,6341759
2026-05-06,4.0836866845034585,4.088164117914451,4.064166635521331,4.0836866845034585,6405289
2026-05-07,4.030148597909033,4.064063309971565,3.9924396983156445,4.030148597909033,8582651
2026-05-08,4.029050145061992,4.046586411188306,4.014479643889994,4.029050145061992,7660058
2026-05-11,4.031812772986919,4.0647814996608345,4.018106636600623,4.031812772986919,8724072
2026-05-12,3.983375280954173,3.9866340566429725,3.959669394431975,3.983375280954173,1466066
2026-05-13,4.053353586717337,4.087364986808883,4.028778886693663,4.053353586717337,3256337
2026-05-14,4.052648177506215,4.090161123182183,4.021782072884609,4.052648177506215,1070681
2026-05-15,4.049947374096982,4.057059629667351,4.033157981656683,4.049947374096982,1108351
2026-05-18,4.099657653484571,4.103055771875486,4.078635536743675,4.099657653484571,4731860
2026-05-19,4.103920645840561,4.125327256804205,4.088890457149524,4.103920645840561,2300089
2026-05-20,4.174094794023098,4.20618091014929,4.147596318307051,4.174094794023098,7901904
2026-05-21,4.203436469479039,4.210115539645292,4.193347236905066,4.203436469479039,1569990
2026-05-22,4.188178586356122,4.227791814859664,4.174478097554094,4.188178586356122,8670793
2026-05-25,4.200781356104438,4.204705656776445,4.18407257442318,4.200781356104438,6378464
2026-05-26,4.207688200547804,4.229347490693872,4.206965452482581,4.207688200547804,6078757
2026-05-27,4.202640862643207,4.238561434786937,4.181981366500226,4.202640862643207,3799270
2026-05-28,4.181088589009535,4.183956707323164,4.171172256547938,4.181088589009535,4224310
2026-05-29,4.166846845517231,4.20737558020901,4.155834673069439,4.166846845517231,1347630
2026-06-01,4.127685607930801,4.165594337450173,4.1214934111433745,4.127685607930801,6316993
2026-06-02,4.134308731144901,4.146707694345299,4.128166790140535,4.134308731144901,5789630
2026-06-03,4.163592732466752,4.17222331535992,4.133997178662366,4.163592732466752,8642466
2026-06-04,4.134740949413604,4.15101556010668,4.131666129368007,4.134740949413604,2042677
2026-06-05,4.121132956004164,4.127191640100057,4.091519958628075,4.121132956004164,5593827
2026-06-08,4.092195015191909,4.119069689927142,4.062017050575269,4.092195015191909,6264594
2026-06-09,4.059751988742861,4.066304862649637,4.0472568582879065,4.059751988742861,3509063
2026-06-10,4.027500967147091,4.031219066622533,4.008276458850434,4.027500967147091,1292882
2026-06-11,4.034113454570804,4.0698670423029855,3.9944417767847322,4.034113454570804,6032129
2026-06-12,4.0626719474810935,4.064622702761369,4.040270980644,4.0626719474810935,7459919
2026-06-15,4.062675949988979,4.086621660619109,4.029987726536663,4.062675949988979,9046419
2026-06-16,4.0695888151897766,4.087902086193631,4.033687237131054,4.0695888151897766,9461443
2026-06-17,4.119865602625816,4.12436143341418,4.0965744641537345,4.119865602625816,1254069
2026-06-18,4.157740538695343,4.168398589341784,4.136951799461354,4.157740538695343,7187413
2026-06-19,4.174880048591682,4.176397411925771,4.149902357450428,4.174880048591682,5253017
2026-06-22,4.17307258104622,4.201672387963554,4.1514796746392335,4.17307258104622,8702559
2026-06-23,4.124986952495598,4.149356134233547,4.092608924117186,4.124986952495598,7789429
2026-06-24,4.148093107053075,4.186454962392025,4.107490216334675,4.148093107053075,6113749
2026-06-25,4.099391819215803,4.105567694003884,4.062354420358234,4.099391819215803,2835039
2026-06-26,4.0606408290900795,4.083317108702403,4.049671745967556,4.0606408290900795,9668674
2026-06-29,4.086302079381422,4.102276952381745,4.0821647795189815,4.086302079381422,6393443
2026-06-30,4.1121625022973705,4.129044462734153,4.095192189116345,4.1121625022973705,9324740
2026-07-01,4.094860241538364,4.10335359262204,4.072166547725201,4.094860241538364,3939196
2026-07-02,4.142195765091526,4.159162714036855,4.119998693887691,4.142195765091526,2093202
2026-07-03,4.207366124005661,4.23646471932083,4.173951296937977,4.207366124005661,4963816
2026-07-06,4.197388425355332,4.213252554402017,4.18412458828119,4.197388425355332,4965351
2026-07-07,4.200216160266692,4.208603586818251,4.1885743407218605,4.200216160266692,5972477
2026-07-08,4.176912877711012,4.2119618285590645,4.157154167748837,4.176912877711012,9918083
